id,dataset_type,name_of_work,content,source
poem_0000,poem,The Definition of Love by Andrew Marvell,"My love is of a birth as rare As 'tis for object strange and high; It was begotten by Despair Upon Impossibility. Magnanimous Despair alone Could show me so divine a thing Where feeble Hope could ne'er have flown, But vainly flapp'd its tinsel wing. And yet I quickly might arrive Where my extended soul is fixt, But Fate does iron wedges drive, And always crowds itself betwixt. For Fate with jealous eye does see Two perfect loves, nor lets them close; Their union would her ruin be, And her tyrannic pow'r depose. And therefore her decrees of steel Us as the distant poles have plac'd, (Though love's whole world on us doth wheel) Not by themselves to be embrac'd; Unless the giddy heaven fall, And earth some new convulsion tear; And, us to join, the world should all Be cramp'd into a planisphere. As lines, so loves oblique may well Themselves in every angle greet; But ours so truly parallel, Though infinite, can never meet. Therefore the love which us doth bind, But Fate so enviously debars, Is the conjunction of the mind, And opposition of the stars.",poem_sum:poemsum_train.csv:row_1480
poem_0001,poem,Constancy by Joseph Brodsky,"Constancy is an evolution of one's living quarters into a thought: a continuation of a parallelogram or a rectangle by means--as Clausewitz would have put it-- of the voice and, ultimately, the gray matter. Ah, shrunken to the size of a brain-cell parlor with a lampshade, an armoire in the ""Slavic Glory"" fashion, four studded chairs, a sofa, a bed, a bedside table with little medicine bottles left there standing like a kremlin or, better yet, manhattan. To die, to abandon a family, to go away for good, to change hemispheres, to let new ovals be painted into the square--the more volubly will the gray cell insist on its actual measurements, demanding daily sacrifice from the new locale, from the furniture, from the silhouette in a yellow dress; in the end--from your very self. A spider revels in shading especially the fifth corner. Evolution is not a species' adjustment to a new environment but one's memories' triumph over reality, the ichthyosaurus pining for the amoeba, the slack vertebrae of a train thundering in the darkness, past the mussel shells, tightly shut for the night, with their spineless, soggy, pearl-shrouding contents.",poem_sum:poemsum_train.csv:row_1312
poem_0002,poem,This is Just to Say by William Carlos Williams,I have eaten the plums that were in the icebox and which you were probably saving for breakfast Forgive me they were delicious so sweet and so cold,poem_sum:poemsum_train.csv:row_305
poem_0003,poem,Diving into the Wreck by Adrienne Rich,"First having read the book of myths, and loaded the camera, and checked the edge of the knife-blade, I put on the body-armor of black rubber the absurd flippers the grave and awkward mask. I am having to do this not like Cousteau with his assiduous team aboard the sun-flooded schooner but here alone. There is a ladder. The ladder is always there hanging innocently close to the side of the schooner. We know what it is for, we who have used it. Otherwise it is a piece of maritime floss some sundry equipment. I go down. Rung after rung and still the oxygen immerses me the blue light the clear atoms of our human air. I go down. My flippers cripple me, I crawl like an insect down the ladder and there is no one to tell me when the ocean will begin. First the air is blue and then it is bluer and then green and then black I am blacking out and yet my mask is powerful it pumps my blood with power the sea is another story the sea is not a question of power I have to learn alone to turn my body without force in the deep element. And now: it is easy to forget what I came for among so many who have always lived here swaying their crenellated fans between the reefs and besides you breathe differently down here. I came to explore the wreck. The words are purposes. The words are maps. I came to see the damage that was done and the treasures that prevail. I stroke the beam of my lamp slowly along the flank of something more permanent than fish or weed the thing I came for: the wreck and not the story of the wreck the thing itself and not the myth the drowned face always staring toward the sun the evidence of damage worn by salt and sway into this threadbare beauty the ribs of the disaster curving their assertion among the tentative haunters. This is the place. And I am here, the mermaid whose dark hair streams black, the merman in his armored body. We circle silently about the wreck we dive into the hold. I am she: I am he whose drowned face sleeps with open eyes whose breasts still bear the stress whose silver, copper, vermeil cargo lies obscurely inside barrels half-wedged and left to rot we are the half-destroyed instruments that once held to a course the water-eaten log the fouled compass We are, I am, you are by cowardice or courage the one who find our way back to this scene carrying a knife, a camera a book of myths in which our names do not appear.",poem_sum:poemsum_train.csv:row_1545
poem_0004,poem,Late Spring by Owen Sheers,"It made me feel like a man when I helped my grandfather castrate the early lambs picking the hard orange O-rings from the plastic bag and stretching them across the made-to-purpose tool, heavy and steel-hard in the sun, while he turned one between his legs to play it like a cello. Spreading the pink unwooled skin at their groins he'd coax them up into the sack, one-handed, like a man milking, two soaped beans into a delicate purse while gesturing with his other for the tool, a pliers in reverse, Which I'd pass to him then stand and stare as he let his clenched fist open to crown them. We did the tails too while we were there so when I walked the field weeks later, both could be counted; the tails scattered like catkins among the windfall of our morning's work - a strange harvest of the seeds we'd sown.",poem_sum:poemsum_train.csv:row_1716
poem_0005,poem,Warning by Jenny Joseph,"When I am an old woman I shall wear purple With a red hat which doesn't go, and doesn't suit me. And I shall spend my pension on brandy and summer gloves And satin sandals, and say we've no money for butter. I shall sit down on the pavement when I'm tired And gobble up samples in shops and press alarm bells And run my stick along the public railings And make up for the sobriety of my youth. I shall go out in my slippers in the rain And pick flowers in other people's gardens And learn to spit. You can wear terrible shirts and grow more fat And eat three pounds of sausages at a go Or only bread and pickle for a week And hoard pens and pencils and beermats and things in boxes. But now we must have clothes that keep us dry And pay our rent and not swear in the street And set a good example for the children. We must have friends to dinner and read the papers. But maybe I ought to practise a little now? So people who know me are not too shocked and surprised When suddenly I am old, and start to wear purple.",poem_sum:poemsum_train.csv:row_1420
poem_0006,poem,A Contribution to Statistics by Wislawa Szymborska,"Out of a hundred people those who always know better -- fifty-two doubting every step -- nearly all the rest, glad to lend a hand if it doesn't take too long -- as high as forty-nine, always good because they can't be otherwise -- four, well maybe five, able to admire without envy -- eighteen, suffering illusions induced by fleeting youth -- sixty, give or take a few, not to be taken lightly -- forty and four, living in constant fear of someone or something -- seventy-seven, capable of happiness -- twenty-something tops, harmless singly, savage in crowds -- half at least, cruel when forced by circumstances -- better not to know even ballpark figures, wise after the fact -- just a couple more than wise before it, taking only things from life -- thirty (I wish I were wrong), hunched in pain, no flashlight in the dark -- eighty-three sooner or later, righteous -- thirty-five, which is a lot, righteous and understanding -- three, worthy of compassion -- ninety-nine, mortal -- a hundred out of a hundred. Thus far this figure still remains unchanged.",poem_sum:poemsum_train.csv:row_1314
poem_0007,poem,The Mountain And The Squirrel by Ralph Waldo Emerson,"The mountain and the squirrel Had a quarrel, And the former called the latter ""Little prig."" Bun replied, ""You are doubtless very big; But all sorts of things and weather Must be taken in together To make up a year And a sphere. And I think it no disgrace To occupy my place. If I'm not so large as you, You are not so small as I, And not half so spry: I'll not deny you make A very pretty squirrel track. Talents differ; all is well and wisely put; If I cannot carry forests on my back, Neither can you crack a nut.""",poem_sum:poemsum_train.csv:row_795
poem_0008,poem,The Lesson by Maya Angelou,"I keep on dying again. Veins collapse, opening like the Small fists of sleeping Children. Memory of old tombs, Rotting flesh and worms do Not convince me against The challenge. The years And cold defeat live deep in Lines along my face. They dull my eyes, yet I keep on dying, Because I love to live.",poem_sum:poemsum_train.csv:row_817
poem_0009,poem,The Willing Mistress by Aphra Behn,"Amyntas led me to a Grove, Where all the Trees did shade us; The Sun it self, though it had Strove, It could not have betray'd us: The place secur'd from humane Eyes, No other fear allows. But when the Winds that gently rise, Doe Kiss the yielding Boughs. Down there we satt upon the Moss, And id begin to play A Thousand Amorous Tricks, to pass The heat of all the day. A many Kisses he did give: And I return'd the same Which made me willing to receive That which I dare not name. His Charming Eyes no Aid requir'd To tell their softning Tale; On her that was already fir'd 'Twas easy to prevaile. He did but Kiss and Clasp me round, Whilst those his thoughts Exprest: And lay'd me gently on the Ground; Ah who can guess the rest?",poem_sum:poemsum_train.csv:row_1486
poem_0010,poem,The Poem Unwritten by Denise Levertov,"The Poem Unwritten For weeks the poem of your body, of my hands upon your body stroking, sweeping, in the rite of worship, going their way of wonder down from neck-pulse to breast-hair to level belly to cock - for weeks that poem, that prayer unwritten. That poem unwritten, the act left to the mind, undone. The years a forest of giant stones, of fossil stumps, blocking the altar.",poem_sum:poemsum_train.csv:row_1556
poem_0011,poem,Driving to the Hospital by Kate Clanchy,"We were low on petrol so I said let's freewheel when we get to the hill. It was dawn and the city was nursing its quiet and I liked the idea of arriving with barely a crunch on the gravel. You smiled kindly and eased the clutch gently and backed us out of the driveway and patted my knee with exactly the gesture you used when we were courting, remember, on the way to your brother's: I like driving with my baby, that's what you said. And at the time I wondered why my heart leapt and leapt.",poem_sum:poemsum_train.csv:row_1974
poem_0012,poem,Sadie and Maud by Gwendolyn Brooks,"Maud went to college. Sadie stayed at home. Sadie scraped life With a fine-tooth comb. She didn't leave a tangle in. Her comb found every strand. Sadie was one of the livingest chits In all the land. Sadie bore two babies Under her maiden name. Maud and Ma and Papa Nearly died of shame. When Sadie said her last so-long Her girls struck out from home. (Sadie had left as heritage Her fine-tooth comb.) Maud, who went to college, Is a thin brown mouse. She is living all alone In this old house.",poem_sum:poemsum_train.csv:row_1610
poem_0013,poem,An Eastern Ballad by Allen Ginsberg,"I speak of love that comes to mind: The moon is faithful, although blind; She moves in thought she cannot speak. Perfect care has made her bleak. I never dreamed the sea so deep, The earth so dark; so long my sleep, I have become another child. I wake to see the world go wild.",poem_sum:poemsum_train.csv:row_1060
poem_0014,poem,Two Women by Marcus Wilcox,"I know two women, and one is chaste And cold as the snows on a winter waste. Stainless ever in act and thought (As a man, born dumb, in speech errs not.) But she has malice toward her kind, A cruel tongue and a jealous mind. Void of pity and full of greed, She judges the world by her narrow creed: A brewer of quarrels, a breeder of hate, Yet she holds the key to ""Society's"" Gate. The other woman, with heart of flame, Went mad for a love that marred her name: And out of the grave of her murdered faith She rose like a soul that has passed through death. Her aims are noble, her pity so broad, It covers the world like the mercy of God. A soother of discord, a healer of woes, Peace follows her footsteps wherever she goes The worthier life of the two no doubt, And yet ""Society"" locks her out.",poem_sum:poemsum_train.csv:row_1041
poem_0015,poem,Milton by Firelight by Gary Snyder,"'O Hell, what do mine eyes with grief behold?' Working with an old Singlejack miner, who can sense The vein and cleavage In the very guts of rock, can Blast granite, build Switchbacks that last for years Under the beat of snow, thaw, mule-hooves. What use, Milton, a silly story Of our lost general parents, eaters of fruit? The Indian, the chainsaw boy, And a string of six mules Came riding down to camp Hungry for tomatoes and green apples. Sleeping in saddle-blankets Under a bright night-sky Han River slantwise by morning. Jays squall Coffee boils In ten thousand years the Sierras Will be dry and dead, home of the scorpion. Ice-scratched slabs and bent trees. No paradise, no fall, Only the weathering land The wheeling sky, Man, with his Satan Scouring the chaos of the mind. Oh Hell! Fire down Too dark to read, miles from a road The bell-mare clangs in the meadow That packed dirt for a fill-in Scrambling through loose rocks On an old trail All of a summer's day.",poem_sum:poemsum_train.csv:row_1857
poem_0016,poem,Crossing the Loch by Kathleen Jamie,"Remember how we rowed toward the cottage on the sickle-shaped bay, that one night after the pub loosed us through its swinging doors and we pushed across the shingle till water lipped the sides as though the loch mouthed 'boat'? I forget who rowed. Our jokes hushed. The oars' splash, creak, and the spill of the loch reached long into the night. Out in the race I was scared: the cold shawl of breeze, and hunched hills; what the water held of deadheads, ticking nuclear hulls. Who rowed, and who kept their peace? Who hauled salt-air and stars deep into their lungs, were not reassured; and who first noticed the loch's phosphorescence, so, like a twittering nest washed from the rushes, an astonished small boat of saints, we watched water shine on our fingers and oars, the magic dart of our bow wave? It was surely foolhardy, such a broad loch, a tide, but we live -- and even have children to women and men we had yet to meet that night we set out, calling our own the sky and salt-water, wounded hills dark-starred by blaeberries, the glimmering anklets we wore in the shallows as we shipped oars and jumped, to draw the boat safe, high at the cottage shore.",poem_sum:poemsum_train.csv:row_1707
poem_0017,poem,How the Grinch stole Christmas by Dr. Seuss,"Every Who down in Whoville liked Christmas a lot. But the Grinch who lived just North of Whoville did not! The Grinch hated Christmas! The whole Christmas season! Now, please don't ask why. No one quite knows the reason. It could be, perhaps, that his shoes were too tight. It could be his head wasn't screwed on just right. But I think that the most likely reason of all May have been that his heart was two sizes too small. But, whatever the reason, his heart or his shoes, He stood there on Christmas Eve hating the Whos, Staring down from his cave with a sour, Grinchy frown At the warm lighted windows below in their town, For he knew every Who down in Whoville beneath Was busy now hanging a hollywho wreath. ""And they're hanging their stockings,"" he snarled with a sneer. ""Tomorrow is Christmas! It's practically here!"" Then he growled, with his Grinch fingers nervously drumming, ""I must find some way to keep Christmas from coming! For, tomorrow, I know all the Who girls and boys Will wake bright and early. They'll rush for their toys! And then! Oh, the noise! Oh, the noise! Noise! Noise! Noise! There's one thing I hate! All the NOISE! NOISE! NOISE! NOISE! [...] They'll stand close together, with Christmas bells ringing. They'll stand hand-in-hand, and those Whos will start singing!"" Fahoo forays, dahoo dorays Welcome Christmas! Come this way Fahoo forays, dahoo dorays Welcome Christmas, Christmas Day Welcome, welcome, fahoo ramus Welcome, welcome, dahoo damus Christmas Day is in our grasp So long as we have hands to clasp Fahoo forays, dahoo dorays... ""And they'll sing! And they'll sing! And they'll SING! SING! SING! SING!"" And the more the Grinch thought of this Who Christmas Sing, The more the Grinch thought, ""I must stop this whole thing! Why for fifty-three years I've put up with it now! I must stop Christmas from coming! But how?"" Then he got an idea! An awful idea! The Grinch got a wonderful, awful idea! ""I know just what to do!"" The Grinch laughed in his throat. ""I'll make a quick Santy Claus hat and a coat."" [...] ""This is stop number one,"" the old Grinchy Claus hissed, As he climbed to the roof, empty bags in his fist. Then he slid down the chimney, a rather tight pinch. But if Santa could do it, then so could the Grinch. He got stuck only once, for a minute or two. Then he stuck his head out of the fireplace flue Where the little Who stockings hung all in a row. ""These stockings,"" he grinched, ""are the first things to go!"" Then he slithered and slunk, with a smile most unpleasant, Around the whole room, and he took every present! [...] It was quarter of dawn. All the Whos still a-bed, All the Whos still a-snooze, when he packed up his sled, Packed it up with their presents, their ribbons, their wrappings, Their snoof and their fuzzles, their tringlers and trappings! Ten thousand feet up, up the side of Mount Crumpet, He rode with his load to the tiptop to dump it! ""Pooh-pooh to the Whos!"" he was grinchily humming. ""They're finding out now that no Christmas is coming! They're just waking up! I know just what they'll do! Their mouths will hang open a minute or two Then the Whos down in Whoville will all cry boo-hoo! That's a noise,"" grinned the Grinch, ""that I simply must hear!"" He paused, and the Grinch put a hand to his ear. And he did hear a sound rising over the snow. It started in low, then it started to grow. But this sound wasn't sad! Why, this sound sounded glad! Every Who down in Whoville, the tall and the small, Was singing without any presents at all! He hadn't stopped Christmas from coming! It came! Somehow or other, it came just the same! And the Grinch, with his grinch feet ice-cold in the snow, Stood puzzling and puzzling. ""How could it be so? It came without ribbons! It came without tags! It came without packages, boxes, or bags!"" He puzzled and puzzed till his puzzler was sore. Then the Grinch thought of something he hadn't before. Maybe Christmas, he thought, doesn't come from a store. Maybe Christmas, perhaps, means a little bit more! And what happened then? Well, in Whoville they say That the Grinch's small heart grew three sizes that day! And then the true meaning of Christmas came through, And the Grinch found the strength of ten Grinches, plus two! And now that his heart didn't feel quite so tight, He whizzed with his load through the bright morning light With a smile to his soul, he descended Mount Crumpet Cheerily blowing ""Who! Who!"" on his trumpet. He rode into Whoville. He brought back their toys. He brought back their floof to the Who girls and boys. He brought back their snoof and their tringlers and fuzzles, Brought back their pantookas, their dafflers and wuzzles. He brought everything back, all the food for the feast! And he, he himself, the Grinch carved the roast beast! Welcome Christmas. Bring your cheer, Cheer to all Whos, far and near. Christmas Day is in our grasp So long as we have hands to grasp. Christmas Day will always be Just as long as we have we. Welcome Christmas while we stand Heart to heart and hand in hand.",poem_sum:poemsum_train.csv:row_588
poem_0018,poem,London Snow by Robert Bridges,"When men were all asleep the snow came flying, In large white flakes falling on the city brown, Stealthily and perpetually settling and loosely lying, Hushing the latest traffic of the drowsy town; Deadening, muffling, stifling its murmurs failing; Lazily and incessantly floating down and down: Silently sifting and veiling road, roof and railing; Hiding difference, making unevenness even, Into angles and crevices softly drifting and sailing. All night it fell, and when full inches seven It lay in the depth of its uncompacted lightness, The clouds blew off from a high and frosty heaven; And all woke earlier for the unaccustomed brightness Of the winter dawning, the strange unheavenly glare: The eye marvelled--marvelled at the dazzling whiteness; The ear hearkened to the stillness of the solemn air; No sound of wheel rumbling nor of foot falling, And the busy morning cries came thin and spare. Then boys I heard, as they went to school, calling, They gathered up the crystal manna to freeze Their tongues with tasting, their hands with snowballing; Or rioted in a drift, plunging up to the knees; Or peering up from under the white-mossed wonder, 'O look at the trees!' they cried, 'O look at the trees!' With lessened load a few carts creak and blunder, Following along the white deserted way, A country company long dispersed asunder: When now already the sun, in pale display Standing by Paul's high dome, spread forth below His sparkling beams, and awoke the stir of the day. For now doors open, and war is waged with the snow; And trains of sombre men, past tale of number, Tread long brown paths, as toward their toil they go: But even for them awhile no cares encumber Their minds diverted; the daily word is unspoken, The daily thoughts of labour and sorrow slumber At the sight of the beauty that greets them, for the charm they have broken.",poem_sum:poemsum_train.csv:row_1408
poem_0019,poem,Remembrance by Emily Bronte,"Cold in the earth--and the deep snow piled above thee, Far, far removed, cold in the dreary grave! Have I forgot, my only Love, to love thee, Severed at last by Time's all-severing wave? Now, when alone, do my thoughts no longer hover Over the mountains, on that northern shore, Resting their wings where heath and fern-leaves cover Thy noble heart forever, ever more? Cold in the earth--and fifteen wild Decembers, From those brown hills, have melted into spring: Faithful, indeed, is the spirit that remembers After such years of change and suffering! Sweet Love of youth, forgive, if I forget thee, While the world's tide is bearing me along; Other desires and other hopes beset me, Hopes which obscure, but cannot do thee wrong! No later light has lightened up my heaven, No second morn has ever shone for me; All my life's bliss from thy dear life was given, All my life's bliss is in the grave with thee. But, when the days of golden dreams had perished, And even Despair was powerless to destroy, Then did I learn how existence could be cherished, Strengthened, and fed without the aid of joy. Then did I check the tears of useless passion-- Weaned my young soul from yearning after thine; Sternly denied its burning wish to hasten Down to that tomb already more than mine. And, even yet, I dare not let it languish, Dare not indulge in memory's rapturous pain; Once drinking deep of that divinest anguish, How could I seek the empty world again?",poem_sum:poemsum_train.csv:row_606
poem_0020,poem,Crow Song by Margaret Atwood,"ln the arid sun, over the field where the corn has rotted and then dried up, you flock and squabble. Not much here for you, my people, but there would be if if In my austere black uniform I raised the banner which decreed Hope and which did not succeed and which is not allowed. Now I must confront the angel who says Win, who tells me to wave any banner that you will follow for you ignore me, my baffled people, you have been through too many theories too many stray bullets your eyes are gravel, skeptical, in this hard field you pay attention only to the rhetoric of seed fruit stomach elbow. You have too many leaders you have too many wars, all of them pompous and small, you resist only when you feel like dressing up, you forget the sane corpses ...",poem_sum:poemsum_train.csv:row_1278
poem_0021,poem,Facts About the Moon by Dorianne Laux,"The moon is backing away from us an inch and a half each year. That means if you're like me and were born around fifty years ago the moon was a full six feet closer to the earth. What's a person supposed to do? I feel the gray cloud of consternation travel across my face. I begin thinking about the moon-lit past, how if you go back far enough you can imagine the breathtaking hugeness of the moon, prehistoric solar eclipses when the moon covered the sun so completely there was no corona, only a darkness we had no word for. And future eclipses will look like this: the moon a small black pupil in the eye of the sun. But these are bald facts. What bothers me most is that someday the moon will spiral right out of orbit and all land-based life will die. The moon keeps the oceans from swallowing the shores, keeps the electromagnetic fields in check at the polar ends of the earth. And please don't tell me what I already know, that it won't happen for a long time. I don't care. I'm afraid of what will happen to the moon. Forget us. We don't deserve the moon. Maybe we once did but not now after all we've done. These nights I harbor a secret pity for the moon, rolling around alone in space without her milky planet, her only child, a mother who's lost a child, a bad child, a greedy child or maybe a grown boy who's murdered and raped, a mother can't help it, she loves that boy anyway, and in spite of herself she misses him, and if you sit beside her on the padded hospital bench outside the door to his room you can't not take her hand, listen to her while she weeps, telling you how sweet he was, how blue his eyes, and you know she's only romanticizing, that she's conveniently forgotten the bruises and booze, the stolen car, the day he ripped the phones from the walls, and you want to slap her back to sanity, remind her of the truth: he was a leech, a fuckup, a little shit, and you almost do until she lifts her pale puffy face, her eyes two craters and then you can't help it either, you know love when you see it, you can feel its lunar strength, its brutal pull.",poem_sum:poemsum_train.csv:row_1406
poem_0022,poem,For Whom the Bell Tolls/No Man is an Island by John Donne,"No man is an island, Entire of itself. Each is a piece of the continent, A part of the main. If a clod be washed away by the sea, Europe is the less. As well as if a promontory were. As well as if a manor of thine own Or of thine friend's were. Each man's death diminishes me, For I am involved in mankind. Therefore, send not to know For whom the bell tolls, It tolls for thee.",poem_sum:poemsum_train.csv:row_1194
poem_0023,poem,Good Bones by Maggie Smith,"Life is short, though I keep this from my children. Life is short, and I've shortened mine in a thousand delicious, ill-advised ways, a thousand deliciously ill-advised ways I'll keep from my children. The world is at least fifty percent terrible, and that's a conservative estimate, though I keep this from my children. For every bird there is a stone thrown at a bird. For every loved child, a child broken, bagged, sunk in a lake. Life is short and the world is at least half terrible, and for every kind stranger, there is one who would break you, though I keep this from my children. I am trying to sell them the world. Any decent realtor, walking you through a real shithole, chirps on about good bones: This place could be beautiful, right? You could make this place beautiful.",poem_sum:poemsum_train.csv:row_1979
poem_0024,poem,Oranges by Gary Soto,"The first time I walked With a girl, I was twelve, Cold, and weighted down With two oranges in my jacket. December. Frost cracking Beneath my steps, my breath Before me, then gone, As I walked toward Her house, the one whose Porch light burned yellow Night and day, in any weather. A dog barked at me, until She came out pulling At her gloves, face bright With rouge. I smiled, Touched her shoulder, and led Her down the street, across A used car lot and a line Of newly planted trees, Until we were breathing Before a drugstore. We Entered, the tiny bell Bringing a saleslady Down a narrow aisle of goods. I turned to the candies Tiered like bleachers, And asked what she wanted - Light in her eyes, a smile Starting at the corners Of her mouth. I fingered A nickle in my pocket, And when she lifted a chocolate That cost a dime, I didn't say anything. I took the nickle from My pocket, then an orange, And set them quietly on The counter. When I looked up, The lady's eyes met mine, And held them, knowing Very well what it was all About. Outside, A few cars hissing past, Fog hanging like old Coats between the trees. I took my girl's hand In mine for two blocks, Then released it to let Her unwrap the chocolate. I peeled my orange That was so bright against The gray of December That, from some distance, Someone might have thought I was making a fire in my hands.",poem_sum:poemsum_train.csv:row_454
poem_0025,poem,For the Time Being by W.H. Auden,"Well, so that is that. Now we must dismantle the tree, Putting the decorations back into their cardboard boxes -- Some have got broken -- and carrying them up to the attic. The holly and the mistletoe must be taken down and burnt, And the children got ready for school. There are enough Left-overs to do, warmed-up, for the rest of the week -- Not that we have much appetite, having drunk such a lot, Stayed up so late, attempted -- quite unsuccessfully -- To love all of our relatives, and in general Grossly overestimated our powers. Once again As in previous years we have seen the actual Vision and failed To do more than entertain it as an agreeable Possibility, once again we have sent Him away, Begging though to remain His disobedient servant, The promising child who cannot keep His word for long. The Christmas Feast is already a fading memory, And already the mind begins to be vaguely aware Of an unpleasant whiff of apprehension at the thought Of Lent and Good Friday which cannot, after all, now Be very far off. But, for the time being, here we all are, Back in the moderate Aristotelian city Of darning and the Eight-Fifteen, where Euclid's geometry And Newton's mechanics would account for our experience, And the kitchen table exists because I scrub it. It seems to have shrunk during the holidays. The streets Are much narrower than we remembered; we had forgotten The office was as depressing as this. To those who have seen The Child, however dimly, however incredulously, The Time Being is, in a sense, the most trying time of all. For the innocent children who whispered so excitedly Outside the locked door where they knew the presents to be Grew up when it opened. Now, recollecting that moment We can repress the joy, but the guilt remains conscious; Remembering the stable where for once in our lives Everything became a You and nothing was an It. And craving the sensation but ignoring the cause, We look round for something, no matter what, to inhibit Our self-reflection, and the obvious thing for that purpose Would be some great suffering. So, once we have met the Son, We are tempted ever after to pray to the Father; ""Lead us into temptation and evil for our sake."" They will come, all right, don't worry; probably in a form That we do not expect, and certainly with a force More dreadful than we can imagine. In the meantime There are bills to be paid, machines to keep in repair, Irregular verbs to learn, the Time Being to redeem From insignificance. The happy morning is over, The night of agony still to come; the time is noon: When the Spirit must practice his scales of rejoicing Without even a hostile audience, and the Soul endure A silence that is neither for nor against her faith That God's Will will be done, That, in spite of her prayers, God will cheat no one, not even the world of its triumph.",poem_sum:poemsum_train.csv:row_960
poem_0026,poem,Love is Not All by Edna St. Vincent Millay,"Love is not all: it is not meat nor drink Nor slumber nor a roof against the rain; Nor yet a floating spar to men that sink And rise and sink and rise and sink again; Love can not fill the thickened lung with breath, Nor clean the blood, nor set the fractured bone; Yet many a man is making friends with death Even as I speak, for lack of love alone. It well may be that in a difficult hour, Pinned down by pain and moaning for release, Or nagged by want past resolution's power, I might be driven to sell your love for peace, Or trade the memory of this night for food. It well may be. I do not think I would.",poem_sum:poemsum_train.csv:row_497
poem_0027,poem,Sonnet 23 - Methought I saw my late espoused saint by John Milton,"Methought I saw my late espoused saint Brought to me, like Alcestis, from the grave, Whom Jove's great son to her glad husband gave, Rescu'd from death by force, though pale and faint. Mine, as whom wash'd from spot of child-bed taint Purification in the old Law did save, And such as yet once more I trust to have Full sight of her in Heaven without restraint, Came vested all in white, pure as her mind; Her face was veil'd, yet to my fancied sight Love, sweetness, goodness, in her person shin'd So clear as in no face with more delight. But Oh! as to embrace me she inclin'd, I wak'd, she fled, and day brought back my night.",poem_sum:poemsum_train.csv:row_1475
poem_0028,poem,To Helen by Edgar Allan Poe,"Helen, thy beauty is to me Like those Nicean barks of yore, That gently, o'er a perfumed sea, The weary, way-worn wanderer bore To his own native shore. On desperate seas long wont to roam, Thy hyacinth hair, thy classic face, Thy Naiad airs have brought me home To the glory that was Greece, And the grandeur that was Rome. Lo! in yon brilliant window-niche How statue-like I see thee stand, The agate lamp within thy hand! Ah, Psyche, from the regions which Are Holy-Land!",poem_sum:poemsum_train.csv:row_91
poem_0029,poem,A Country Life by Randall Jarrell,"A bird that I don't know, Hunched on his light-pole like a scarecrow, Looks sideways out into the wheat The wind waves under the waves of heat. The field is yellow as egg-bread dough Except where (just as though they'd let It live for looks) a locust billows In leaf-green and shade-violet, A standing mercy. The bird calls twice, ""Red clay, red clay""; Or else he's saying, ""Directly, directly."" If someone came by I could ask, Around here all of them must know -- And why they live so and die so -- Or why, for once, the lagging heron Flaps from the little creek's parched cresses Across the harsh-grassed, gullied meadow To the black, rowed evergreens below. They know and they don't know. To ask, a man must be a stranger -- And asking, much more answering, is dangerous; Asked about it, who would not repent Of all he ever did and never meant, And think a life and its distresses, Its random, clutched-for, homefelt blisses, The circumstances of an accident? The farthest farmer in a field, A gaunt plant grown, for seed, by farmers, Has felt a longing, lorn urbanity Jailed in his breast; and, just as I, Has grunted, in his old perplexity, A standing plea. From the tar of the blazing square The eyes shift, in their taciturn And unavowing, unavailable sorrow. Yet the intonation of a name confesses Some secrets that they never meant To let out to a soul; and what words would not dim The bowed and weathered heads above the denim Or the once-too-often washed wash dresses? They are subdued to their own element. One day The red, clay face Is lowered to the naked clay; After some words, the body is forsaken The shadows lengthen, and a dreaming hope Breathes, from the vague mound, Life; From the grove under the spire Stars shine, and a wandering light Is kindled for the mourner, man. The angel kneeling with the wreath Sees, in the moonlight, graves.",poem_sum:poemsum_train.csv:row_131
poem_0030,poem,Nearing Forty by Derek Walcott,"Insomniac since four, hearing this narrow, rigidly-metred, early-rising rain recounting, as its coolness numbs the marrow, that I am nearing forty, nearer the weak vision thickening to a frosted pane, nearer the day when I may judge my work by the bleak modesty of middle age as a false dawn, fireless and average, which would be just, because your life bled for the household truth, the style past metaphor that finds its parallel however wretched in simple, shining lines, in pages stretched plain as a bleaching bedsheet under a gutter- ing rainspout, glad for the sputter of occasional insight; you who foresaw ambition as a searing meteor will fumble a damp match and, smiling, settle for the dry wheezing of a dented kettle, for vision narrower than a louvre's gap, then, watching your leaves thin, recall how deep prodigious cynicism plants its seed, gauges our seasons by this year's end rain which, as greenhorns at school, we'd call conventional for convectional; or you will rise and set your lines to work with sadder joy but steadier elation, until the night when you can really sleep, measuring how imagination ebbs, conventional as any water clerk who weighs the force of lightly falling rain, which, as the new moon moves it, does its work even when it seems to weep.",poem_sum:poemsum_train.csv:row_1743
poem_0031,poem,Stone by Charles Simic,"Go inside a stone That would be my way. Let somebody else become a dove Or gnash with a tiger's tooth. I am happy to be a stone. From the outside the stone is a riddle: No one knows how to answer it. Yet within, it must be cool and quiet Even though a cow steps on it full weight, Even though a child throws it in a river; The stone sinks, slow, unperturbed To the river bottom Where the fishes come to knock on it And listen. I have seen sparks fly out When two stones are rubbed, So perhaps it is not dark inside after all; Perhaps there is a moon shining From somewhere, as though behind a hill-- Just enough light to make out The strange writings, the star-charts On the inner walls.",poem_sum:poemsum_train.csv:row_524
poem_0032,poem,"Mother, I bow to thee! by Bankim Chandra Chattopadhyay","Mother, I bow to thee! Rich with thy hurrying streams, bright with orchard gleams, Cool with thy winds of delight, Dark fields waving Mother of might, Mother free. Glory of moonlight dreams, Over thy branches and lordly streams, Clad in thy blossoming trees, Mother, giver of ease Laughing low and sweet! Mother I kiss thy feet, Speaker sweet and low! Mother, to thee I bow. Who hath said thou art weak in thy lands When the sword flesh out in the seventy million hands And seventy million voices roar Thy dreadful name from shore to shore? With many strengths who art mighty and stored, To thee I call Mother and Lord! Though who savest, arise and save! To her I cry who ever her foeman drove Back from plain and Sea And shook herself free. Thou art wisdom, thou art law, Thou art heart, our soul, our breath Though art love divine, the awe In our hearts that conquers death. Thine the strength that nervs the arm, Thine the beauty, thine the charm. Every image made divine In our temples is but thine. Thou art Durga, Lady and Queen, With her hands that strike and her swords of sheen, Thou art Lakshmi lotus-throned, And the Muse a hundred-toned, Pure and perfect without peer, Mother lend thine ear, Rich with thy hurrying streams, Bright with thy orchard gleems, Dark of hue O candid-fair In thy soul, with jewelled hair And thy glorious smile divine, Lovilest of all earthly lands, Showering wealth from well-stored hands! Mother, mother mine! Mother sweet, I bow to thee, Mother great and free!",poem_sum:poemsum_train.csv:row_505
poem_0033,poem,Madonna Mia by Oscar Wilde,"LILY-GIRL, not made for this world's pain, With brown, soft hair close braided by her ears, And longing eyes half veiled by slumberous tears Like bluest water seen through mists of rain: Pale cheeks whereon no love hath left its stain, Red underlip drawn in for fear of love, And white throat, whiter than the silvered dove, Through whose wan marble creeps one purple vein. Yet, though my lips shall praise her without cease, Even to kiss her feet I am not bold, Being o'ershadowed by the wings of awe, Like Dante, when he stood with Beatrice Beneath the flaming Lion's breast, and saw The seventh Crystal, and the Stair of Gold",poem_sum:poemsum_train.csv:row_1268
poem_0034,poem,What the Living Do by Marie Howe,"Johnny, the kitchen sink has been clogged for days, some utensil probably fell down there. And the Drano won't work but smells dangerous, and the crusty dishes have piled up waiting for the plumber I still haven't called. This is the everyday we spoke of. It's winter again: the sky's a deep, headstrong blue, and the sunlight pours through the open living-room windows because the heat's on too high in here and I can't turn it off. For weeks now, driving, or dropping a bag of groceries in the street, the bag breaking, I've been thinking: This is what the living do. And yesterday, hurrying along those wobbly bricks in the Cambridge sidewalk, spilling my coffee down my wrist and sleeve, I thought it again, and again later, when buying a hairbrush: This is it. Parking. Slamming the car door shut in the cold. What you called that yearning. What you finally gave up. We want the spring to come and the winter to pass. We want whoever to call or not call, a letter, a kiss--we want more and more and then more of it. But there are moments, walking, when I catch a glimpse of myself in the window glass, say, the window of the corner video store, and I'm gripped by a cherishing so deep for my own blowing hair, chapped face, and unbuttoned coat that I'm speechless: I am living. I remember you.",poem_sum:poemsum_train.csv:row_1561
poem_0035,poem,A Sad Child by Margaret Atwood,"You're sad because you're sad. It's psychic. It's the age. It's chemical. Go see a shrink or take a pill, or hug your sadness like an eyeless doll you need to sleep. Well, all children are sad but some get over it. Count your blessings. Better than that, buy a hat. Buy a coat or pet. Take up dancing to forget. Forget what? Your sadness, your shadow, whatever it was that was done to you the day of the lawn party when you came inside flushed with the sun, your mouth sulky with sugar, in your new dress with the ribbon and the ice-cream smear, and said to yourself in the bathroom, I am not the favorite child. My darling, when it comes right down to it and the light fails and the fog rolls in and you're trapped in your overturned body under a blanket or burning car, and the red flame is seeping out of you and igniting the tarmac beside you head or else the floor, or else the pillow, none of us is; or else we all are.",poem_sum:poemsum_train.csv:row_495
poem_0036,poem,The Arnolfini Marriage by Paul Durcan,"We are the Arnolfinis. Do not think you may invade Our privacy because you may not. We are standing to our portrait, The most erotic portrait ever made, Because we have faith in the artist To do justice to the plurality, Fertility, domesticity, barefootedness Of a man and a woman saying ""we"": To do justice to our bed As being our most necessary furniture; To do justice to our life as a reflection. Our brains spill out upon the floor And the terrier at our feet sniffs The minutiae of our magnitude. The most relaxing word in our vocabulary is ""we"". Imagine being able to say ""we"". Most people are in no position to say ""we"". Are you? Who eat alone? Sleep alone? And at dawn cycle to work With an Alsatian shepherd dog tied to your handlebars? We will pause now for the Angelus. Here you have it: The two halves of the coconut.",poem_sum:poemsum_train.csv:row_384
poem_0037,poem,Famous by Naomi Shihab Nye,"The river is famous to the fish. The loud voice is famous to silence, which knew it would inherit the earth before anybody said so. The cat sleeping on the fence is famous to the birds watching him from the birdhouse. The tear is famous, briefly, to the cheek. The idea you carry close to your bosom is famous to your bosom. The boot is famous to the earth, more famous than the dress shoe, which is famous only to floors. The bent photograph is famous to the one who carries it and not at all famous to the one who is pictured. I want to be famous to shuffling men who smile while crossing streets, sticky children in grocery lines, famous as the one who smiled back. I want to be famous in the way a pulley is famous, or a buttonhole, not because it did anything spectacular, but because it never forgot what it could do.",poem_sum:poemsum_train.csv:row_1861
poem_0038,poem,On Her Blindness by Adam Thorpe,"My mother could not bear being blind, to be honest. One shouldn't say it. One should hide the fact that catastrophic handicaps are hell; one tends to hear, publicly from those who bear it like a Roman, or somehow find joy in the fight. She turned to me, once, in a Paris restaurant, still not finding the food on the plate with her fork, or not so that it stayed on (try it in a pitch-black room) and whispered, ""It's living hell, to be honest Adam. If I gave up hope of a cure, I'd bump myself off."" I don't recall what I replied, but it must have been the usual sop, inadequate: the locked-in son. She kept her dignity, though, even when bumping into walls like a dodgem; her sense of direction did not improve, when cast inward. ""No built-in compass,"" as my father joked. Instead, she pretended to ignore the void, or laughed it off. Or saw things she couldn't see and smiled, as when the kids would offer the latest drawing, or show her their new toy - so we'd forget, at times, that the long, slow slide had finished in a vision as blank as stone. For instance, she'd continued to drive the old Lanchester long after it was safe down the Berkshire lanes. She'd visit exhibitions, admire films, sink into television while looking the wrong way. Her last week alive (a fortnight back) was golden weather, of course, the autumn trees around the hospital ablaze with colour, the ground royal with leaf-fall. I told her this, forgetting, as she sat too weak to move, staring at nothing. ""Oh yes, I know,"" she said, ""it's lovely out there."" Dying has made her no more sightless, but now she can't pretend. Her eyelids were closed in the coffin; it was up to us to believe she was watching, somewhere, in the end.",poem_sum:poemsum_train.csv:row_1210
poem_0039,poem,Discovery by Florence Ripley Mastin,"The gray path glided before me Through cool, green shadows; Little leaves hung in the soft air Like drowsy moths; A group of dark trees, gravely conferring, Made me conscious of the gaucherie of sound; Farther on, a slim lilac Drew me down to her on the warm grass. ""How sweet is peace!"" My serene heart said. Then, suddenly, in a curve of the road, Red tulips! A bright battalion, swaying, They marched with fluttering flags, And gay fifes playing! A swift flame leapt in my heart; I burned with passion; I was tainted with cruelty; I wanted to march in the wind, To tear the silence with gay music, And to slash the sober green Until it sobbed and bled. The tulips have found me out.",poem_sum:poemsum_train.csv:row_914
poem_0040,poem,In the Western Lands by J.R.R. Tolkien,"In western lands beneath the Sun the flowers may rise in Spring, the trees may bud, the waters run, the merry finches sing. Or there maybe 'tis cloudless night and swaying beeches bear the Elven-stars as jewels white amid their branching hair. Though here at journey's end I lie in darkness buried deep, beyond all towers strong and high, beyond all mountains steep, above all shadows rides the Sun and Stars for ever dwell: I will not say the Day is done, nor bid the Stars farewell.",poem_sum:poemsum_train.csv:row_957
poem_0041,poem,Hard Rock Returns to Prison by Etheridge Knight,"Hard Rock / was / ""known not to take no shit From nobody,"" and he had the scars to prove it: Split purple lips, lumbed ears, welts above His yellow eyes, and one long scar that cut Across his temple and plowed through a thick Canopy of kinky hair. The WORD / was / that Hard Rock wasn't a mean nigger Anymore, that the doctors had bored a hole in his head, Cut out part of his brain, and shot electricity Through the rest. When they brought Hard Rock back, Handcuffed and chained, he was turned loose, Like a freshly gelded stallion, to try his new status. And we all waited and watched, like a herd of sheep, To see if the WORD was true. As we waited we wrapped ourselves in the cloak Of his exploits: ""Man, the last time, it took eight Screws to put him in the Hole."" ""Yeah, remember when he Smacked the captain with his dinner tray?"" ""He set The record for time in the Hole--67 straight days!"" ""Ol Hard Rock! man, that's one crazy nigger."" And then the jewel of a myth that Hard Rock had once bit A screw on the thumb and poisoned him with syphilitic spit. The testing came, to see if Hard Rock was really tame. A hillbilly called him a black son of a bitch And didn't lose his teeth, a screw who knew Hard Rock From before shook him down and barked in his face. And Hard Rock did nothing. Just grinned and looked silly, His eyes empty like knot holes in a fence. And even after we discovered that it took Hard Rock Exactly 3 minutes to tell you his first name, We told ourselves that he had just wised up, Was being cool; but we could not fool ourselves for long, And we turned away, our eyes on the ground. Crushed. He had been our Destroyer, the doer of things We dreamed of doing but could not bring ourselves to do, The fears of years, like a biting whip, Had cut deep bloody grooves Across our backs.",poem_sum:poemsum_train.csv:row_1996
poem_0042,poem,To a Blank Sheet of Paper by Oliver Wendell Holmes,"WAN-VISAGED thing! thy virgin leaf To me looks more than deadly pale, Unknowing what may stain thee yet,-- A poem or a tale. Who can thy unborn meaning scan? Can Seer or Sibyl read thee now? No,--seek to trace the fate of man Write on his infant brow. Love may light on thy snowy cheek, And shake his Eden-breathing plumes; Then shalt thou tell how Lelia smiles, Or Angelina blooms. Satire may lift his bearded lance, Forestalling Time's slow-moving scythe, And, scattered on thy little field, Disjointed bards may writhe. Perchance a vision of the night, Some grizzled spectre, gaunt and thin, Or sheeted corpse, may stalk along, Or skeleton may grin! If it should be in pensive hour Some sorrow-moving theme I try, Ah, maiden, how thy tears will fall, For all I doom to die! But if in merry mood I touch Thy leaves, then shall the sight of thee Sow smiles as thick on rosy lips As ripples on the sea. The Weekly press shall gladly stoop To bind thee up among its sheaves; The Daily steal they shining ore, To gild its leaden leaves. Thou has no tonuge, yet thou canst speak, Till distant shores shall hear the sound; Thou hast no life, yet thou canst breathe Fresh life on all around. Thou art the arena of the wise, The noiseless battle-ground of fame; The sky where halos may be wreathed Around the humblest name. Take, then, this treasure to thy trust, To win some idle reader's smile, Then fade and moulder in the dust, Or swell some bonfire's crackling pile!",poem_sum:poemsum_train.csv:row_827
poem_0043,poem,XIV by Derek Walcott,"With the frenzy of an old snake shedding its skin, the speckled road, scored with ruts, smelling of mold, twisted on itself and reentered the forest where the dasheen leaves thicken and folk stories begin. Sunset would threaten us as we climbed closer to her house up the asphalt hill road, whose yam vines wrangled over gutters with the dark reek of moss, the shutters closing like the eyelids of that mimosa called Ti-Marie; then -- lucent as paper lanterns, lamplight glowed through the ribs, house after house -- there was her own lamp at the black twist of the path. There's childhood, and there's childhood's aftermath. She began to remember at the minute of the fireflies, to the sound of pipe water banging in kerosene tins, stories she told to my brother and myself. Her leaves were the libraries of the Caribbean. The luck that was ours, those fragrant origins! Her head was magnificent, Sidone. In the gully of her voice shadows stood up and walked, her voice travels my shelves. She was the lamplight in the stare of two mesmerized boys still joined in one shadow, indivisible twins.",poem_sum:poemsum_train.csv:row_431
poem_0044,poem,Summer Morn in New Hampshire by Claude McKay,"All yesterday it poured, and all night long I could not sleep; the rain unceasing beat Upon the shingled roof like a weird song, Upon the grass like running children's feet. And down the mountains by the dark cloud kissed, Like a strange shape in filmy veiling dressed, Slid slowly, silently, the wraith-like mist, And nestled soft against the earth's wet breast. But lo, there was a miracle at dawn! The still air stirred at touch of the faint breeze, The sun a sheet of gold bequeathed the lawn, The songsters twittered in the rustling trees. And all things were transfigured in the day, But me whom radiant beauty could not move; For you, more wonderful, were far away, And I was blind with hunger for your love.",poem_sum:poemsum_train.csv:row_1795
poem_0045,poem,Sonnet 116 by William Shakespeare,"Let me not to the marriage of true minds Admit impediments. Love is not love Which alters when it alteration finds, Or bends with the remover to remove: O, no! it is an ever-fixed mark, That looks on tempests and is never shaken; It is the star to every wandering bark, Whose worth's unknown, although his height be taken. Love's not Time's fool, though rosy lips and cheeks Within his bending sickle's compass come; Love alters not with his brief hours and weeks, But bears it out even to the edge of doom. If this be error and upon me proved, I never writ, nor no man ever loved.",poem_sum:poemsum_train.csv:row_1815
poem_0046,poem,Venus of the Louvre by Emma Lazarus,"Down the long hall she glistens like a star, The foam-born mother of Love, transfixed to stone, Yet none the less immortal, breathing on. Time's brutal hand hath maimed but could not mar. When first the enthralled enchantress from afar Dazzled mine eyes, I saw not her alone, Serenely poised on her world-worshipped throne, As when she guided once her dove-drawn car,-- But at her feet a pale, death-stricken Jew, Her life adorer, sobbed farewell to love. Here Heine wept! Here still he weeps anew, Nor ever shall his shadow lift or move, While mourns one ardent heart, one poet-brain, For vanished Hellas and Hebraic pain.",poem_sum:poemsum_train.csv:row_1165
poem_0047,poem,Balloons by Sylvia Plath,"Since Christmas they have lived with us, Guileless and clear, Oval soul-animals, Taking up half the space, Moving and rubbing on the silk Invisible air drifts, Giving a shriek and pop When attacked, then scooting to rest, barely trembling. Yellow cathead, blue fish-------- Such queer moons we live with Instead of dead furniture! Straw mats, white walls And these traveling Globes of thin air, red, green, Delighting The heart like wishes or free Peacocks blessing Old ground with a feather Beaten in starry metals. Your small Brother is making His balloon squeak like a cat. Seeming to see A funny pink world he might eat on the other side of it, He bites, Then sits Back, fat jug Contemplating a world clear as water. A red Shred in his little fist. 5 February 1963",poem_sum:poemsum_train.csv:row_112
poem_0048,poem,"Thou art indeed just, Lord, if I contend by Gerard Manley Hopkins","Justus quidem tu es, Domine, si disputem tecum; verumtamen justa loquar ad te: Quare via impiorum prosperatur? &c. Thou art indeed just, Lord, if I contend With thee; but, sir, so what I plead is just. Why do sinners' ways prosper? and why must Disappointment all I endeavour end? Wert thou my enemy, O thou my friend, How wouldst thou worse, I wonder, than thou dost Defeat, thwart me? Oh, the sots and thralls of lust Do in spare hours more thrive than I that spend, Sir, life upon thy cause. See, banks and brakes Now, leaved how thick! laced they are again With fretty chervil, look, and fresh wind shakes Them; birds build - but not I build; no, but strain, Time's eunuch, and not breed one work that wakes. Mine, O thou lord of life, send my roots rain.",poem_sum:poemsum_train.csv:row_1143
poem_0049,poem,Love's Language by Ella Wheeler Wilcox,"How does Love speak? In the faint flush upon the tell-tale cheek, And in the pallor that succeeds it; by The quivering lid of an averted eye-- The smile that proves the parent to a sigh-- Thus does Love speak. How does Love speak? By the uneven heart-throbs, and the freak Of bounding pulses that stand still and ache, While new emotions, like strange barques, make Along vein-channels their disturbing course; Still as the dawn, and with the dawn's swift force-- Thus doth Love speak. How does Love speak? In the avoidance of that which we seek-- The sudden silence and reserve when near-- The eye that glistens with an unshed tear-- The joy that seems the counterpart of fear, As the alarme'd heart leaps in the breast, And knows, and names, and greets its god-like guest-- Thus doth Love speak. How does Love speak? In the proud spirit suddenly grown meek-- The haughty heart grown humble; in the tender And unnamed light that floods the world with splendour, In the resemblance which the fond eyes trace In all fair things to one belove'd face; In the shy touch of hands that thrill and tremble; In looks and lips that can no more dissemble-- Thus doth Love speak. How does Love speak? In the wild words that uttered seem so weak They shrink ashamed to silence; in the fire Glance strikes with glance, swift flashing high and higher, Like lightnings that precede the mighty storm; In the deep, soulful stillness; in the warm, Impassioned tide that sweeps through throbbing veins, Between the shores of keen delights and pains; In the embrace where madness melts in bliss, And in the convulsive rapture of a kiss-- Thus does Love speak.",poem_sum:poemsum_train.csv:row_1705
poem_0050,poem,As I Ebb'd with the Ocean of Life by Walt Whitman,"As I ebb'd with the ocean of life, As I wended the shores I know, As I walk'd where the ripples continually wash you Paumanok, Where they rustle up hoarse and sibilant, Where the fierce old mother endlessly cries for her castaways, I musing late in the autumn day, gazing off southward, Held by this electric self out of the pride of which I utter poems, Was seiz'd by the spirit that trails in the lines underfoot, The rim, the sediment that stands for all the water and all the land of the globe. Fascinated, my eyes reverting from the south, dropt, to follow those slender windrows, Chaff, straw, splinters of wood, weeds, and the sea-gluten, Scum, scales from shining rocks, leaves of salt-lettuce, left by the tide, Miles walking, the sound of breaking waves the other side of me, Paumanok there and then as I thought the old thought of likenesses, These you presented to me you fish-shaped island, As I wended the shores I know, As I walk'd with that electric self seeking types. As I wend to the shores I know not, As I list to the dirge, the voices of men and women wreck'd, As I inhale the impalpable breezes that set in upon me, As the ocean so mysterious rolls toward me closer and closer, I too but signify at the utmost a little wash'd-up drift, A few sands and dead leaves to gather, Gather, and merge myself as part of the sands and drift. O baffled, balk'd, bent to the very earth, Oppress'd with myself that I have dared to open my mouth, Aware now that amid all that blab whose echoes recoil upon me I have not once had the least idea who or what I am, But that before all my arrogant poems the real Me stands yet untouch'd, untold, altogether unreach'd, Withdrawn far, mocking me with mock-congratulatory signs and bows, With peals of distant ironical laughter at every word I have written, Pointing in silence to these songs, and then to the sand beneath. I perceive I have not really understood any thing, not a single object, and that no man ever can, Nature here in sight of the sea taking advantage of me to dart upon me and sting me, Because I have dared to open my mouth to sing at all. You oceans both, I close with you, We murmur alike reproachfully rolling sands and drift, knowing not why, These little shreds indeed standing for you and me and all. You friable shore with trails of debris, You fish-shaped island, I take what is underfoot, What is yours is mine my father. I too Paumanok, I too have bubbled up, floated the measureless float, and been wash'd on your shores, I too am but a trail of drift and debris, I too leave little wrecks upon you, you fish-shaped island. I throw myself upon your breast my father, I cling to you so that you cannot unloose me, I hold you so firm till you answer me something. Kiss me my father, Touch me with your lips as I touch those I love, Breathe to me while I hold you close the secret of the murmuring I envy. Ebb, ocean of life, (the flow will return,) Cease not your moaning you fierce old mother, Endlessly cry for your castaways, but fear not, deny not me, Rustle not up so hoarse and angry against my feet as I touch you or gather from you. I mean tenderly by you and all, I gather for myself and for this phantom looking down where we lead, and following me and mine. Me and mine, loose windrows, little corpses, Froth, snowy white, and bubbles, (See, from my dead lips the ooze exuding at last, See, the prismatic colors glistening and rolling,) Tufts of straw, sands, fragments, Buoy'd hither from many moods, one contradicting another, From the storm, the long calm, the darkness, the swell, Musing, pondering, a breath, a briny tear, a dab of liquid or soil, Up just as much out of fathomless workings fermented and thrown, A limp blossom or two, torn, just as much over waves floating, drifted at random, Just as much for us that sobbing dirge of Nature, Just as much whence we come that blare of the cloud-trumpets, We, capricious, brought hither we know not whence, spread out before you, You up there walking or sitting, Whoever you are, we too lie in drifts at your feet.",poem_sum:poemsum_train.csv:row_1535
poem_0051,poem,Contusion by Sylvia Plath,"Color floods to the spot, dull purple. The rest of the body is all washed out, The color of pearl. In a pit of rock The sea sucks obsessively, One hollow the whole sea's pivot. The size of a fly, The doom mark Crawls down the wall. The heart shuts, The sea slides back, The mirrors are sheeted.",poem_sum:poemsum_train.csv:row_1339
poem_0052,poem,Her Voice by Oscar Wilde,"The wild bee reels from bough to bough With his furry coat and his gauzy wing. Now in a lily-cup, and now Setting a jacinth bell a-swing, In his wandering; Sit closer love: it was here I trow I made that vow, Swore that two lives should be like one As long as the sea-gull loved the sea, As long as the sunflower sought the sun,-- It shall be, I said, for eternity 'Twixt you and me! Dear friend, those times are over and done. Love's web is spun. Look upward where the poplar trees Sway in the summer air, Here n the valley never a breeze Scatters the thistledown, but there Great winds blow fair From the mighty murmuring mystical seas, And the wave-lashed leas. Look upward where the white gull screams, What does it see that we do not see? Is that a star? or the lamp that gleams On some outward voyaging argosy,-- Ah! can it be We have lived our lives in a land of dreams! How sad it seems. Sweet, there is nothing left to say But this, that love is never lost, Keen winter stabs the breasts of May Whose crimson roses burst his frost, Ships tempest-tossed Will find a harbor in some bay, And so we may. And there is nothing left to do But to kiss once again, and part, Nay, there is nothing we should rue, I have my beauty,--you your Art, Nay, do not start, One world was not enough for two Like me and you.",poem_sum:poemsum_train.csv:row_1512
poem_0053,poem,The Listeners by Walter de la Mare,"'Is there anybody there?' said the Traveller, Knocking on the moonlit door; And his horse in the silence champed the grasses Of the forest's ferny floor: And a bird flew up out of the turret, Above the Traveller's head: And he smote upon the door again a second time; 'Is there anybody there?' he said. But no one descended to the Traveller; No head from the leaf-fringed sill Leaned over and looked into his grey eyes, Where he stood perplexed and still. But only a host of phantom listeners That dwelt in the lone house then Stood listening in the quiet of the moonlight To that voice from the world of men: Stood thronging the faint moonbeams on the dark stair, That goes down to the empty hall, Hearkening in an air stirred and shaken By the lonely Traveller's call. And he felt in his heart their strangeness, Their stillness answering his cry, While his horse moved, cropping the dark turf, 'Neath the starred and leafy sky; For he suddenly smote on the door, even Louder, and lifted his head:-- 'Tell them I came, and no one answered, That I kept my word,' he said. Never the least stir made the listeners, Though every word he spake Fell echoing through the shadowiness of the still house From the one man left awake: Ay, they heard his foot upon the stirrup, And the sound of iron on stone, And how the silence surged softly backward, When the plunging hoofs were gone.",poem_sum:poemsum_train.csv:row_1575
poem_0054,poem,The Drowned Children by Louise Gluck,"You see, they have no judgment. So it is natural that they should drown, first the ice taking them in and then, all winter, their wool scarves floating behind them as they sink until at last they are quiet. And the pond lifts them in its manifold dark arms. But death must come to them differently, so close to the beginning. As though they had always been blind and weightless. Therefore the rest is dreamed, the lamp, the good white cloth that covered the table, their bodies. And yet they hear the names they used like lures slipping over the pond: What are you waiting for come home, come home, lost in the waters, blue and permanent.",poem_sum:poemsum_train.csv:row_1259
poem_0055,poem,To an Athlete Dying Young by A. E. Housman,"The time you won your town the race We chaired you through the market-place; Man and boy stood cheering by, And home we brought you shoulder-high. Today, the road all runners come, Shoulder-high we bring you home, And set you at your threshold down, Townsman of a stiller town. Smart lad, to slip betimes away From fields where glory does not stay, And early though the laurel grows It withers quicker than the rose. Eyes the shady night has shut Cannot see the record cut, And silence sounds no worse than cheers After earth has stopped the ears. Now you will not swell the rout Of lads that wore their honours out, Runners whom renown outran And the name died before the man. So set, before its echoes fade, The fleet foot on the sill of shade, And hold to the low lintel up The still-defended challenge-cup. And round that early-laurelled head Will flock to gaze the strengthless dead, And find unwithered on its curls The garland briefer than a girl's.",poem_sum:poemsum_train.csv:row_922
poem_0056,poem,Out of the Rolling Ocean the Crowd by Walt Whitman,"Out of the rolling ocean the crowd came a drop gently to me, Whispering, I love you, before long I die, I have travell'd a long way merely to look on you to touch you, For I could not die till I once look'd on you, For I fear'd I might afterward lose you. Now we have met, we have look'd, we are safe, Return in peace to the ocean my love, I too am part of that ocean, my love, we are not so much separated, Behold the great rondure, the cohesion of all, how perfect! But as for me, for you, the irresistible sea is to separate us, As for an hour carrying us diverse, yet cannot carry us diverse forever; Be not impatient - a little space - know you I salute the air, the ocean and the land, Every day at sundown for your dear sake, my love.",poem_sum:poemsum_train.csv:row_1161
poem_0057,poem,The Arrow and the Song by Henry Wadsworth Longfellow,"I shot an arrow into the air, It fell to earth, I knew not where; For, so swiftly it flew, the sight Could not follow it in its flight. I breathed a song into the air, It fell to earth, I knew not where; For who has sight so keen and strong, That it can follow the flight of song? Long, long afterward, in an oak I found the arrow, still unbroke; And the song, from beginning to end, I found again in the heart of a friend.",poem_sum:poemsum_train.csv:row_1921
poem_0058,poem,Got You by Jackie Kay,"You know I am the shy one really, don't you, not you; that your maths have my answers, then how come I am the slow one and you are the one who shines. School Dux. Prefect. Your blazer is shabbier than mine but Gran from Dornock loves you better than me and so does our mother. The dog licks you. People who say they can't tell the difference drive you crazy: your skin is creamier, your nose less wide; your hair loose floppy curls, not frizzy, not sheep's wool. I know, I know like I know the back of my hand. Last night in the top bunk, I wanted to climb down and do something. Can't tell what. Not even in our tongue. I swallowed hard listening for the sound of real sleep till I must have given in again. You know me better than I know you. Always get me. I sat bolt upright, my heart flapped like our bedroom curtains, your night-time laughter, soft, squeezed to your chest, doubled-up: 'Got you. Didn't I. Got you again.'",poem_sum:poemsum_train.csv:row_1946
poem_0059,poem,The Easter Flower by Claude McKay,"Far from this foreign Easter damp and chilly My soul steals to a pear-shaped plot of ground, Where gleamed the lilac-tinted Easter lily Soft-scented in the air for yards around; Alone, without a hint of guardian leaf! Just like a fragile bell of silver rime, It burst the tomb for freedom sweet and brief In the young pregnant year at Eastertime; And many thought it was a sacred sign, And some called it the resurrection flower; And I, a pagan, worshiped at its shrine, Yielding my heart unto its perfumed power.",poem_sum:poemsum_train.csv:row_943
poem_0060,poem,Sleep by Kenneth Slessor,"Do you give yourself to me utterly, Body and no-body, flesh and no-flesh Not as a fugitive, blindly or bitterly, But as a child might, with no other wish? Yes, utterly. Then I shall bear you down my estuary, Carry you and ferry you to burial mysteriously, Take you and receive you, Consume you, engulf you, In the huge cave, my belly, love you With huge waves continually. And you shall cling and clamber there And slumber there, in that dumb chamber, Beat with my blood's beat, hear my heart move Blindly in bones that ride above you, Delve in my flesh, dissolved and bedded, Through viewless valves embodied so - Till daylight, the expulsion and awakening, The riving and the driving forth, Life with remorseless forceps beckoning - Pangs and betrayal of harsh birth.",poem_sum:poemsum_train.csv:row_865
poem_0061,poem,Autumn Valentine by Dorothy Parker,"In May my heart was breaking- Oh, wide the wound, and deep! And bitter it beat at waking, And sore it split in sleep. And when it came November, I sought my heart, and sighed, ""Poor thing, do you remember?"" ""What heart was that?"" it cried.",poem_sum:poemsum_train.csv:row_627
poem_0062,poem,To Sleep by John Keats,"O soft embalmer of the still midnight, Shutting, with careful fingers and benign, Our gloom-pleas'd eyes, embower'd from the light, Enshaded in forgetfulness divine: O soothest Sleep! if so it please thee, close In midst of this thine hymn my willing eyes, Or wait the ""Amen,"" ere thy poppy throws Around my bed its lulling charities. Then save me, or the passed day will shine Upon my pillow, breeding many woes,-- Save me from curious Conscience, that still lords Its strength for darkness, burrowing like a mole; Turn the key deftly in the oiled wards, And seal the hushed Casket of my Soul.",poem_sum:poemsum_train.csv:row_720
poem_0063,poem,The Tyger by William Blake,"Tyger Tyger, burning bright, In the forests of the night; What immortal hand or eye, Could frame thy fearful symmetry? In what distant deeps or skies. Burnt the fire of thine eyes? On what wings dare he aspire? What the hand, dare seize the fire? And what shoulder, & what art, Could twist the sinews of thy heart? And when thy heart began to beat, What dread hand? & what dread feet? What the hammer? what the chain, In what furnace was thy brain? What the anvil? what dread grasp, Dare its deadly terrors clasp! When the stars threw down their spears And water'd heaven with their tears: Did he smile his work to see? Did he who made the Lamb make thee? Tyger Tyger burning bright, In the forests of the night: What immortal hand or eye, Dare frame thy fearful symmetry?",poem_sum:poemsum_train.csv:row_1670
poem_0064,poem,The Yachts by William Carlos Williams,"contend in a sea which the land partly encloses shielding them from the too-heavy blows of an ungoverned ocean which when it chooses tortures the biggest hulls, the best man knows to pit against its beatings, and sinks them pitilessly. Mothlike in mists, scintillant in the minute brilliance of cloudless days, with broad bellying sails they glide to the wind tossing green water from their sharp prows while over them the crew crawls ant-like, solicitously grooming them, releasing, making fast as they turn, lean far over and having caught the wind again, side by side, head for the mark. In a well guarded arena of open water surrounded by lesser and greater craft which, sycophant, lumbering and flittering follow them, they appear youthful, rare as the light of a happy eye, live with the grace of all that in the mind is feckless, free and naturally to be desired. Now the sea which holds them is moody, lapping their glossy sides, as if feeling for some slightest flaw but fails completely. Today no race. Then the wind comes again. The yachts move, jockeying for a start, the signal is set and they are off. Now the waves strike at them but they are too well made, they slip through, though they take in canvas. Arms with hands grasping seek to clutch at the prows. Bodies thrown recklessly in the way are cut aside. It is a sea of faces about them in agony, in despair until the horror of the race dawns staggering the mind; the whole sea become an entanglement of watery bodies lost to the world bearing what they cannot hold. Broken, beaten, desolate, reaching from the dead to be taken up they cry out, failing, failing! their cries rising in waves still as the skillful yachts pass over.",poem_sum:poemsum_train.csv:row_1202
poem_0065,poem,A Leave-Taking by Algernon Charles Swinburne,"Let us go hence, my songs; she will not hear. Let us go hence together without fear; Keep silence now, for singing-time is over, And over all old things and all things dear. She loves not you nor me as all we love her. Yea, though we sang as angels in her ear, She would not hear. Let us rise up and part; she will not know. Let us go seaward as the great winds go, Full of blown sand and foam; what help is here? There is no help, for all these things are so, And all the world is bitter as a tear. And how these things are, though ye strove to show, She would not know. Let us go home and hence; she will not weep. We gave love many dreams and days to keep, Flowers without scent, and fruits that would not grow, Saying 'If thou wilt, thrust in thy sickle and reap.' All is reaped now; no grass is left to mow; And we that sowed, though all we fell on sleep, She would not weep. Let us go hence and rest; she will not love. She shall not hear us if we sing hereof, Nor see love's ways, how sore they are and steep. Come hence, let be, lie still; it is enough. Love is a barren sea, bitter and deep; And though she saw all heaven in flower above, She would not love. Let us give up, go down; she will not care. Though all the stars made gold of all the air, And the sea moving saw before it move One moon-flower making all the foam-flowers fair; Though all those waves went over us, and drove Deep down the stifling lips and drowning hair, She would not care. Let us go hence, go hence; she will not see. Sing all once more together; surely she, She too, remembering days and words that were, Will turn a little toward us, sighing; but we, We are hence, we are gone, as though we had not been there. Nay, and though all men seeing had pity on me, She would not see.",poem_sum:poemsum_train.csv:row_1723
poem_0066,poem,In drear-nighted December by John Keats,"In drear nighted December, Too happy, happy tree, Thy branches ne'er remember Their green felicity-- The north cannot undo them With a sleety whistle through them Nor frozen thawings glue them From budding at the prime. In drear-nighted December, Too happy, happy brook, Thy bubblings ne'er remember Apollo's summer look; But with a sweet forgetting, They stay their crystal fretting, Never, never petting About the frozen time. Ah! would 'twere so with many A gentle girl and boy-- But were there ever any Writh'd not of passed joy? The feel of not to feel it, When there is none to heal it Nor numbed sense to steel it, Was never said in rhyme.",poem_sum:poemsum_train.csv:row_1828
poem_0067,poem,A Walk After Dark by W.H. Auden,"A cloudless night like this Can set the spirit soaring: After a tiring day The clockwork spectacle is Impressive in a slightly boring Eighteenth-century way. It soothed adolescence a lot To meet so shameless a stare; The things I did could not Be so shocking as they said If that would still be there After the shocked were dead Now, unready to die Bur already at the stage When one starts to resent the young, I am glad those points in the sky May also be counted among The creatures of middle-age. It's cosier thinking of night As more an Old People's Home Than a shed for a faultless machine, That the red pre-Cambrian light Is gone like Imperial Rome Or myself at seventeen. Yet however much we may like The stoic manner in which The classical authors wrote, Only the young and rich Have the nerve or the figure to strike The lacrimae rerum note. For the present stalks abroad Like the past and its wronged again Whimper and are ignored, And the truth cannot be hid; Somebody chose their pain, What needn't have happened did. Occurring this very night By no established rule, Some event may already have hurled Its first little No at the right Of the laws we accept to school Our post-diluvian world: But the stars burn on overhead, Unconscious of final ends, As I walk home to bed, Asking what judgment waits My person, all my friends, And these United States.",poem_sum:poemsum_train.csv:row_1908
poem_0068,poem,"Mother, Any Distance by Simon Armitage","Mother, any distance greater than a single span requires a second pair of hands. You come to help me measure windows, pelmets, doors, the acres of the walls, the prairies of the floors. You at the zero-end, me with the spool of tape, recording length, reporting metres, centimetres back to base, then leaving up the stairs, the line still feeding out, unreeling years between us. Anchor. Kite. I space-walk through the empty bedrooms, climb the ladder to the loft, to breaking point, where something has to give; two floors below your fingertips still pinch the last one-hundredth of an inch...I reach towards a hatch that opens on an endless sky to fall or fly.",poem_sum:poemsum_train.csv:row_826
poem_0069,poem,"Bees, So Many Bees by Anna Jackson","After twenty years of marriage, we walked out of the bush and on to a rough dirt road we followed till we saw a pond we might be able to get to. The ground was boggy and buzzing. The pond was thick with weed and slime. It was not the sort of pond anyone would swim in, but we did -- picking and sliding into the water over the bog and bees, bees we suddenly noticed were everywhere, were settling on our hair as we swam, ducks turning surprised eyes our way. After twenty years of marriage what is surprising isn't really so much the person you are with but to find yourselves so out of place in this scene, cold but not able to get out without stepping over bees, so many bees.",poem_sum:poemsum_train.csv:row_1366
poem_0070,poem,"Salt, Pepper, Vinegar, History by Ian McMillan","Steaming chip-shop and the red-hot chips And me shaking salt, pepper and vinegar All over them like I'm some kind of weather. 'Do you want history with that?' The woman Behind the counter asks. Her tattoo is laughing Or maybe it's just the way steam makes the shop Shiver in and out of time. 'No thanks' I say, 'I'll eat it here' and she puts away the history, Beside the pickled eggs on the top shelf.",poem_sum:poemsum_train.csv:row_1362
poem_0071,poem,Rembrandt's Late Self-Portraits by Elizabeth Jennings,"You are confronted with yourself. Each year The pouches fill, the skin is uglier. You give it all unflinchingly. You stare Into yourself, beyond. Your brush's care Runs with self-knowledge. Here Is a humility at one with craft. There is no arrogance. Pride is apart From this self-scrutiny. You make light drift The way you want. Your face is bruised and hurt But there is still love left. Love of the art and others. To the last Experiment went on. You stared beyond Your age, the times. You also plucked the past And tempered it. Self-portraits understand, And old age can divest, With truthful changes, us of fear of death. Look, a new anguish. There, the bloated nose, The sadness and the joy. To paint's to breathe, And all the darknesses are dared. You chose What each must reckon with.",poem_sum:poemsum_train.csv:row_1269
poem_0072,poem,And Death Shall Have No Dominion by Dylan Thomas,"And death shall have no dominion. Dead men naked they shall be one With the man in the wind and the west moon; When their bones are picked clean and the clean bones gone, They shall have stars at elbow and foot; Though they go mad they shall be sane, Though they sink through the sea they shall rise again; Though lovers be lost love shall not; And death shall have no dominion. And death shall have no dominion. Under the windings of the sea They lying long shall not die windily; Twisting on racks when sinews give way, Strapped to a wheel, yet they shall not break; Faith in their hands shall snap in two, And the unicorn evils run them through; Split all ends up they shan't crack; And death shall have no dominion. And death shall have no dominion. No more may gulls cry at their ears Or waves break loud on the seashores; Where blew a flower may a flower no more Lift its head to the blows of the rain; Though they be mad and dead as nails, Heads of the characters hammer through daisies; Break in the sun till the sun breaks down, And death shall have no dominion.",poem_sum:poemsum_train.csv:row_82
poem_0073,poem,Variations on the Word Sleep by Margaret Atwood,"I would like to watch you sleeping, which may not happen. I would like to watch you, sleeping. I would like to sleep with you, to enter your sleep as its smooth dark wave slides over my head and walk with you through that lucent wavering forest of bluegreen leaves with its watery sun & three moons towards the cave where you must descend, towards your worst fear I would like to give you the silver branch, the small white flower, the one word that will protect you from the grief at the center of your dream, from the grief at the center. I would like to follow you up the long stairway again & become the boat that would row you back carefully, a flame in two cupped hands to where your body lies beside me, and you enter it as easily as breathing in I would like to be the air that inhabits you for a moment only. I would like to be that unnoticed & that necessary.",poem_sum:poemsum_train.csv:row_506
poem_0074,poem,Still Falls the Rain by Edith Sitwell,"Still falls the Rain-- Dark as the world of man, black as our loss-- Blind as the nineteen hundred and forty nails Upon the Cross. Still falls the Rain With a sound like the pulse of the heart that is changed to the hammer-beat In the Potter's Field, and the sound of the impious feet On the Tomb: Still falls the Rain In the Field of Blood where the small hopes breed and the human brain Nurtures its greed, that worm with the brow of Cain. Still falls the Rain At the feet of the Starved Man hung upon the Cross. Christ that each day, each night, nails there, have mercy on us-- On Dives and on Lazarus: Under the Rain the sore and the gold are as one. Still falls the Rain-- Still falls the Blood from the Starved Man's wounded Side: He bears in His Heart all wounds,--those of the light that died, The last faint spark In the self-murdered heart, the wounds of the sad uncomprehending dark, The wounds of the baited bear-- The blind and weeping bear whom the keepers beat On his helpless flesh... the tears of the hunted hare. Still falls the Rain-- Then-- O Ile leape up to my God: who pulles me doune-- See, see where Christ's blood streames in the firmament: It flows from the Brow we nailed upon the tree Deep to the dying, to the thirsting heart That holds the fires of the world,--dark-smirched with pain As Caesar's laurel crown. Then sounds the voice of One who like the heart of man Was once a child who among beasts has lain-- ""Still do I love, still shed my innocent light, my Blood, for thee.""",poem_sum:poemsum_train.csv:row_23
poem_0075,poem,Cold Knap Lake by Gillian Clarke,"We once watched a crowd pull a drowned child from the lake. Blue lipped and dressed in water's long green silk she lay for dead. Then kneeling on the earth, a heroine, her red head bowed, her wartime cotton frock soaked, my mother gave a stranger's child her breath. The crowd stood silent, drawn by the dread of it. The child breathed, bleating and rosy in my mother's hands. My father took her home to a poor house and watched her thrashed for almost drowning. Was I there? Or is that troubled surface something else shadowy under the dipped fingers of willows where satiny mud blooms in cloudiness after the treading, heavy webs of swans as their wings beat and whistle on the air? All lost things lie under closing water in that lake with the poor man's daughter.\",poem_sum:poemsum_train.csv:row_1378
poem_0076,poem,"The Trashpickers, Madison Street by Naomi Shihab Nye","On the edge of dawn's pale eye, the trashpickers are lifting the lid of every can, poking inside with bent hanger and stick. They murmur in a language soft as rags. What have we here? Their colorless overcoats drift and grow wings. They pull a creaking wagon, tinfoil wads, knotted string, to the cave where sacraments of usefulness are performed. Kneel to the triple weddings of an old nail. Rejoice in the rebirth of envelopes. The crooked skillet finds its first kingdom on a shelf where nothing is new. They dream small dreams, furry ones, a swatch of velvet passed hand-to-hand. Their hearts are compasses fixed to the ground and their love, more like moss than like fire",poem_sum:poemsum_train.csv:row_72
poem_0077,poem,Combustion by Sara Eliza Johnson,"If a human body has two-hundred-and-six bones and thirty trillion cells, and each cell has one hundred trillion atoms, if the spine has thirty-three vertebrae-- if each atom has a shadow--then the lilacs across the yard are nebulae beginning to star. If the fruit flies that settle on the orange on the table rise like the photons from a bomb fire miles away, my thoughts at the moment of explosion are nails suspended in a jar of honey. I peel the orange for you, spread the honey on your toast. When our skin touches our atoms touch, their shadows merging into a shadow galaxy. And if echoes are shadows of sounds, if each hexagonal cell in the body is a dark pool of jelly, if within each cell drones another cell-- The moment the bomb explodes the man's spine bends like its shadow across the road. The moment he loses his hearing I think you are calling me from across the house because my ears start to ring. From the kitchen window I see the lilacs crackling like static as if erasing, teleporting, thousands of bees rising from the blossoms: tiny flames in the sun. I lick the knife and the honey pierces my tongue: a nail made of light. My body is wrapped in honey. When I step outside I become fire.",poem_sum:poemsum_train.csv:row_1228
poem_0078,poem,Nightmare Begins Responsibility by Michael S. Harper,"I place these numbed wrists to the pane watching white uniforms whisk over him in the tube-kept prison fear what they will do in experiment watch my gloved stickshifting gasolined hands breathe boxcar-information-please infirmary tubes distrusting white-pink mending paperthin silkened end hairs, distrusting tubes shrunk in his trunk-skincapped shaven head, in thighs distrusting-white-hands-picking-baboon-light on his son who will not make his second night of this wardstrewn intensive airpocket where his father's asthmatic hymns of night-train, train done gone his mother can only know that he has flown up into essential calm unseen corridor going boxscarred home, mamaborn, sweetsonchild gonedowntown into researchtestingwarehousebatteryacid mama-son-done-gone/me telling her 'nother train tonight, no music, no breathstroked heartbeat in my infinite distrust of them: and of my distrusting self white-doctor-who-breathed-for-him-all-night say it for two sons gone, say nightmare, say it loud panebreaking heartmadness: nightmare begins responsibility.",poem_sum:poemsum_train.csv:row_1397
poem_0079,poem,To See the Rabbit by Alan Brownjohn,"We are going to see the rabbit. We are going to see the rabbit. Which rabbit, people say? Which rabbit , ask the children? Which rabbit? The only rabbit, The only rabbit in England, Sitting behind a barbed-wire fence Under the floodlights, neon lights, Sodium lights, Nibbling grass On the only patch of grass In England, in England (except the grass by the hoardings Which doesn't count.) We are going to see the rabbit And we must be there on time. First we shall go by escalator, Then we shall go by underground, And then we shall go by motorway, And then by helicopterway, And the last 10 yards we shall have to go On foot. And now we are going All the way to see the rabbit, We are nearly there, We are longing to see it, And so is the crowd Which is here in thousands With mounted policemen And big loudspeakers And bands and banners, And everyone has come a long way. But soon we shall see it Sitting and nibbling The blades of grass In - but something has gone wrong! Why is everyone so angry, Why is everyone jostling And slanging and complaining? The rabbit has gone, Yes, the rabbit has gone. He has actually burrowed down into the earth And made himself a warren, under the earth, Despite all these people, And what shall we do? What can we do? It is all a pity, you must be disappointed, Go home and do something for today, Go home again, go home for today. For you cannot hear the rabbit, under the earth, Remarking rather sadly to himself, by himself, As he rests in his warren, under the earth: 'It won't be long, they are bound to come, They are bound to come and find me, even here.'",poem_sum:poemsum_train.csv:row_1069
poem_0080,poem,I Give You Thanks My God by Bernard Dadie,"I give you thanks my God for having created me black For having made of me The total of all sorrows, and set upon my head 5 the World. I wear the livery of the Centaur And I carry the World since the first morning. White is a colour improvised for an occasion Black, the colour of all days 10 And I carry the World since the first night. I am happy with the shape of my head fashioned to carry the World, satisfied with the shape of my nose, 15 Which should breathe all the air of the World, happy with the form of my legs prepared to run through all the stages of the World. I give you thanks my God, for having created me black, 20 for having made of me the total of all sorrows. Thirty-six swords have pierced my heart. Thirty-six brands have burned my body, And my blood on all the calvaries has reddened the snow 25 And my blood from all the east has reddened nature. And yet I am Happy to carry the World, Content with my short arms, with my long legs, 30 with the thickness of my lips. I give you thanks my God, for having created me black, White is a colour for an occasion, Black the colour of all days And I carry the World since the morning of time. 35 And my laughter in the night brought forth day over the World. I give you thanks my God for having created me black",poem_sum:poemsum_train.csv:row_1414
poem_0081,poem,Upon the Table the Tea Turning Cold by Riyas Qurana,"When the Past and the Future met, I created anew a tea-shop there. Placing a table there and two chairs too facing each other I waited for ages. They didn't come. I say it just for the sake of telling. For, none had promised to come. It is here that the complication comes to be. How to continue the poem Recounting the poem from an angle unthought of by you No possibility is seen. Hence, forced to act, I grab at two persons going that way and make them sit in the chairs. One of the, a male The other, female. This simple knot Caused a spark in me. Hurriedly I place a lone cup of tea Upon the table. Now, see there _ a situation has come to be where they can be conceived as lovers. After that I did nothing. But, even if proved that they are no lovers making it impossible to believe it, things took shape on their own Each one suggesting that the other should drink the tea, with none drinking the tea turning cold upon the table is indeed an embarrassing situation between two Strangers. Oh, We know very well. But, doesn't this very situation help many to guess it to be the magical game of love? Both rising leave for their respective work in their different ways. In fact this is how the poem was about to conclude Yet, keeping our Tamil viewers in mind I had changed the verdict as follows: The vapour coming out of the tea-cup upon he table constructed a boundary-line between them. After remaining silent for too long they parted ways - She heading towards Future and he heading toward Past. Here I have also set a melancholic tune only a few can hear it. As I may have to write it twice I have given the climax as the title.",poem_sum:poemsum_train.csv:row_1442
poem_0082,poem,Sonnet 101 by William Shakespeare,"O truant muse, what shall be thy amends For thy neglect of truth in beauty dyed? Both truth and beauty on my love depends; So dost thou too, and therein dignified. Make answer, muse. Wilt thou not haply say ""Truth needs no color with his color fixed, Beauty no pencil beauty's truth to lay; But best is best if never intermixed""? Because he needs no praise, wilt thou be dumb? Excuse not silence so, for 't lies in thee To make him much outlive a gilded tomb And to be praised of ages yet to be. Then do thy office, muse; I teach thee how To make him seem long hence as he shows now.",poem_sum:poemsum_train.csv:row_580
poem_0083,poem,A Photograph by Shirley Toulson,"The cardboard shows me how it was When the two girl cousins went paddling Each one holding one of my mother's hands, And she the big girl - some twelve years or so. All three stood still to smile through their hair At the uncle with the camera, A sweet face My mother's, that was before I was born And the sea, which appears to have changed less Washed their terribly transient feet. Some twenty- thirty- years later She'd laugh at the snapshot. ""See Betty And Dolly,"" she'd say, ""and look how they Dressed us for the beach."" The sea holiday was her past, mine is her laughter. Both wry With the laboured ease of loss Now she's has been dead nearly as many years As that girl lived. And of this circumstance There is nothing to say at all, Its silence silences.",poem_sum:poemsum_train.csv:row_404
poem_0084,poem,O that 'twere possible by Alfred Lord Tennyson,"O that 'twere possible After long grief and pain To find the arms of my true love Round me once again!... A shadow flits before me, Not thou, but like to thee: Ah, Christ! that it were possible For one short hour to see The souls we loved, that they might tell us What and where they be!",poem_sum:poemsum_train.csv:row_1868
poem_0085,poem,A Line-storm Song by Robert Frost,"The line-storm clouds fly tattered and swift, The road is forlorn all day, Where a myriad snowy quartz stones lift, And the hoof-prints vanish away. The roadside flowers, too wet for the bee, Expend their bloom in vain. Come over the hills and far with me, And be my love in the rain. The birds have less to say for themselves In the wood-world's torn despair Than now these numberless years the elves, Although they are no less there: All song of the woods is crushed like some Wild, easily shattered rose. Come, be my love in the wet woods; come, Where the boughs rain when it blows. There is the gale to urge behind And bruit our singing down, And the shallow waters aflutter with wind From which to gather your gown. What matter if we go clear to the west, And come not through dry-shod? For wilding brooch shall wet your breast The rain-fresh goldenrod. Oh, never this whelming east wind swells But it seems like the sea's return To the ancient lands where it left the shells Before the age of the fern; And it seems like the time when after doubt Our love came back amain. Oh, come forth into the storm and rout And be my love in the rain.",poem_sum:poemsum_train.csv:row_1346
poem_0086,poem,Holy Innocents by Christina Rossetti,"Sleep, little Baby, sleep; The holy Angels love thee, And guard thy bed, and keep A blessed watch above thee. No spirit can come near Nor evil beast to harm thee: Sleep, Sweet, devoid of fear Where nothing need alarm thee. The Love which doth not sleep, The eternal Arms surround thee: The Shepherd of the sheep In perfect love hath found thee. Sleep through the holy night, Christ-kept from snare and sorrow, Until thou wake to light And love and warmth to-morrow.",poem_sum:poemsum_train.csv:row_1095
poem_0087,poem,The Bight by Elizabeth Bishop,"At low tide like this how sheer the water is. White, crumbling ribs of marl protrude and glare and the boats are dry, the pilings dry as matches. Absorbing, rather than being absorbed, the water in the bight doesn't wet anything, the color of the gas flame turned as low as possible. One can smell it turning to gas; if one were Baudelaire one could probably hear it turning to marimba music. The little ochre dredge at work off the end of the dock already plays the dry perfectly off-beat claves. The birds are outsize. Pelicans crash into this peculiar gas unnecessarily hard, it seems to me, like pickaxes, rarely coming up with anything to show for it, and going off with humorous elbowings. Black-and-white man-of-war birds soar on impalpable drafts and open their tails like scissors on the curves or tense them like wishbones, till they tremble. The frowsy sponge boats keep coming in with the obliging air of retrievers, bristling with jackstraw gaffs and hooks and decorated with bobbles of sponges. There is a fence of chicken wire along the dock where, glinting like little plowshares, the blue-gray shark tails are hung up to dry for the Chinese-restaurant trade. Some of the little white boats are still piled up against each other, or lie on their sides, stove in, and not yet salvaged, if they ever will be, from the last bad storm, like torn-open, unanswered letters. The bight is littered with old correspondences. Click. Click. Goes the dredge, and brings up a dripping jawful of marl. All the untidy activity continues, awful but cheerful.",poem_sum:poemsum_train.csv:row_1703
poem_0088,poem,The Widening Sky by Edward Hirsch,I am so small walking on the beach at night under the widening sky. The wet sand quickens beneath my feet and the waves thunder against the shore. I am moving away from the boardwalk with its colorful streamers of people and the hotels with their blinking lights. The wind sighs for hundreds of miles. I am disappearing so far into the dark I have vanished from sight. I am a tiny seashell that has secretly drifted ashore and carries the sound of the ocean surging through its body. I am so small now no one can see me. How can I be filled with such a vast love?,poem_sum:poemsum_train.csv:row_1305
poem_0089,poem,Supple Cord by Naomi Shihab Nye,"My brother, in his small white bed, held one end. I tugged the other to signal I was still awake. We could have spoken, could have sung to one another, we were in the same room for five years, but the soft cord with its little frayed ends connected us in the dark, gave comfort even if we had been bickering all day. When he fell asleep first and his end of the cord dropped to the floor, I missed him terribly, though I could hear his even breath and we had such long and separate lives ahead.",poem_sum:poemsum_train.csv:row_642
poem_0090,poem,Patience Taught By Nature by Elizabeth Barrett Browning,"""O Dreary life!"" we cry, ""O dreary life!"" And still the generations of the birds Sing through our sighing, and the flocks and herds Serenely live while we are keeping strife With Heaven's true purpose in us, as a knife Against which we may struggle. Ocean girds Unslackened the dry land: savannah-swards Unweary sweep: hills watch, unworn; and rife Meek leaves drop yearly from the forest-trees, To show, above, the unwasted stars that pass In their old glory. O thou God of old! Grant me some smaller grace than comes to these;-- But so much patience, as a blade of grass Grows by contented through the heat and cold.",poem_sum:poemsum_train.csv:row_1503
poem_0091,poem,Let Me Not Forget by Rabindranath Tagore,"If it is not my portion to meet thee in this life then let me ever feel that I have missed thy sight ---let me not forget for a moment, let me carry the pangs of this sorrow in my dreams and in my wakeful hours. As my days pass in the crowded market of this world and my hands grow full with the daily profits, let me ever feel that I have gained nothing ---let me not forget for a moment, let me carry the pangs of this sorrow in my dreams and in my wakeful hours. When I sit by the roadside, tired and panting, when I spread my bed low in the dust, let me ever feel that the long journey is still before me ---let me not forget a moment, let me carry the pangs of this sorrow in my dreams and in my wakeful hours. When my rooms have been decked out and the flutes sound and the laughter there is loud, let me ever feel that I have not invited thee to my house ---let me not forget for a moment, let me carry the pangs of this sorrow in my dreams and in my wakeful hours",poem_sum:poemsum_train.csv:row_967
poem_0092,poem,Spellbound by Emily Bronte,"The night is darkening round me, The wild winds coldly blow; But a tyrant spell has bound me And I cannot, cannot go. The giant trees are bending Their bare boughs weighed with snow. And the storm is fast descending, And yet I cannot go. Clouds beyond clouds above me, Wastes beyond wastes below; But nothing drear can move me; I will not, cannot go.",poem_sum:poemsum_train.csv:row_1350
poem_0093,poem,Ragged Island by Edna St. Vincent Millay,"There, there where those black spruces crowd To the edge of the precipitous cliff, Above your boat, under the eastern wall of the island; And no wave breaks; as if All had been done, and long ago, that needed Doing; and the cold tide, unimpeded By shoal or shelving ledge, moves up and down, Instead of in and out; And there is no driftwood there, because there is no beach; Clean cliff going down as deep as clear water can reach; No driftwood, such as abounds on the roaring shingle, To be hefted home, for fires in the kitchen stove; Barrels, banged ashore about the boiling outer harbor; Lobster-buoys, on the eel-grass of the sheltered cove: There, thought unbraids itself, and the mind becomes single. There you row with tranquil oars, and the ocean Shows no scar from the cutting of your placid keel; Care becomes senseless there; pride and promotion Remote; you only look; you scarcely feel. Even adventure, with its vital uses, Is aimless ardour now; and thrift is waste. Oh, to be there, under the silent spruces, Where the wide, quiet evening darkens without haste Over a sea with death acquainted, yet forever chaste.",poem_sum:poemsum_train.csv:row_1013
poem_0094,poem,The Hill We Climb by Amanda Gorman,"When day comes, we ask ourselves, where can we find light in this never-ending shade? The loss we carry. A sea we must wade. We braved the belly of the beast. We've learned that quiet isn't always peace, and the norms and notions of what ""just"" is isn't always justice. And yet the dawn is ours before we knew it. Somehow we do it. Somehow we weathered and witnessed a nation that isn't broken, but simply unfinished. We, the successors of a country and a time where a skinny Black girl descended from slaves and raised by a single mother can dream of becoming president, only to find herself reciting for one. And, yes, we are far from polished, far from pristine, but that doesn't mean we are striving to form a union that is perfect. We are striving to forge our union with purpose. To compose a country committed to all cultures, colors, characters and conditions of man. And so we lift our gaze, not to what stands between us, but what stands before us. We close the divide because we know to put our future first, we must first put our differences aside. We lay down our arms so we can reach out our arms to one another. We seek harm to none and harmony for all. Let the globe, if nothing else, say this is true. That even as we grieved, we grew. That even as we hurt, we hoped. That even as we tired, we tried. That we'll forever be tied together, victorious. Not because we will never again know defeat, but because we will never again sow division. Scripture tells us to envision that everyone shall sit under their own vine and fig tree, and no one shall make them afraid. If we're to live up to our own time, then victory won't lie in the blade, but in all the bridges we've made. That is the promise to glade, the hill we climb, if only we dare. It's because being American is more than a pride we inherit. It's the past we step into and how we repair it. We've seen a force that would shatter our nation, rather than share it. Would destroy our country if it meant delaying democracy. And this effort very nearly succeeded. But while democracy can be periodically delayed, it can never be permanently defeated. In this truth, in this faith we trust, for while we have our eyes on the future, history has its eyes on us. This is the era of just redemption. We feared at its inception. We did not feel prepared to be the heirs of such a terrifying hour. But within it we found the power to author a new chapter, to offer hope and laughter to ourselves. So, while once we asked, how could we possibly prevail over catastrophe, now we assert, how could catastrophe possibly prevail over us? We will not march back to what was, but move to what shall be: a country that is bruised but whole, benevolent but bold, fierce and free. We will not be turned around or interrupted by intimidation because we know our inaction and inertia will be the inheritance of the next generation, become the future. Our blunders become their burdens. But one thing is certain. If we merge mercy with might, and might with right, then love becomes our legacy and change our children's birthright. So let us leave behind a country better than the one we were left. Every breath from my bronze-pounded chest, we will raise this wounded world into a wondrous one. We will rise from the golden hills of the West. We will rise from the windswept Northeast where our forefathers first realized revolution. We will rise from the lake-rimmed cities of the Midwestern states. We will rise from the sun-baked South. We will rebuild, reconcile, and recover. And every known nook of our nation and every corner called our country, our people diverse and beautiful, will emerge battered and beautiful. When day comes, we step out of the shade of flame and unafraid. The new dawn balloons as we free it. For there is always light, if only we're brave enough to see it. If only we're brave enough to be it.",poem_sum:poemsum_train.csv:row_1250
poem_0095,poem,"Song: Love, a child, is ever crying by Lady Mary Wroth","LOVE, a child, is ever crying; Please him, and he straight is flying; Give him, he the more is craving, Never satisfied with having. His desires have no measure; Endless folly is his treasure; What he promiseth he breaketh; Trust not one word that he speaketh. He vows nothing but false matter; And to cozen you will flatter; Let him gain the hand, he'll leave you And still glory to deceive you. He will triumph in your wailing; And yet cause be of your failing: These his virtues are, and slighter Are his gifts, his favours lighter. Feathers are as firm in staying; Wolves no fiercer in their preying; As a child then, leave him crying; Nor seek him so given to flying.",poem_sum:poemsum_train.csv:row_996
poem_0096,poem,Amateur Fighter by Natasha Trethewey,"What's left is the tiny gold glove hanging from his key chain. But, before that, he had come to boxing, as a boy, out of necessity--one more reason to stay away from home, go late to that cold house and dinner alone in the dim kitchen. Perhaps he learned just to box a stepfather, then turned that anger into a prize at the Halifax gym. Later, in New Orleans, there were the books he couldn't stop reading. A scholar, his eyes weakening. Fighting, then, a way to live dangerously. He'd leave his front tooth out for pictures so that I might understand living meant suffering, loss. Really living meant taking risks, so he swallowed a cockroach in a bar on a dare, dreamt of being a bullfighter. And at the gym on Tchoupitoulas Street, he trained his fists to pound into a bag the fury contained in his gentle hands. The red headgear, hiding his face, could make me think he was someone else, that my father was somewhere else, not here holding his body up to pain",poem_sum:poemsum_train.csv:row_427
poem_0097,poem,Bored by Margaret Atwood,"All those times I was bored out of my mind. Holding the log while he sawed it. Holding the string while he measured, boards, distances between things, or pounded stakes into the ground for rows and rows of lettuces and beets, which I then (bored) weeded. Or sat in the back of the car, or sat still in boats, sat, sat, while at the prow, stern, wheel he drove, steered, paddled. It wasn't even boredom, it was looking, looking hard and up close at the small details. Myopia. The worn gunwales, the intricate twill of the seat cover. The acid crumbs of loam, the granular pink rock, its igneous veins, the sea-fans of dry moss, the blackish and then the graying bristles on the back of his neck. Sometimes he would whistle, sometimes I would. The boring rhythm of doing things over and over, carrying the wood, drying the dishes. Such minutiae. It's what the animals spend most of their time at, ferrying the sand, grain by grain, from their tunnels, shuffling the leaves in their burrows. He pointed such things out, and I would look at the whorled texture of his square finger, earth under the nail. Why do I remember it as sunnier all the time then, although it more often rained, and more birdsong? I could hardly wait to get the hell out of there to anywhere else. Perhaps though boredom is happier. It is for dogs or groundhogs. Now I wouldn't be bored. Now I would know too much. Now I would know.",poem_sum:poemsum_train.csv:row_958
poem_0098,poem,In the Bleak Midwinter by Christina Rossetti,"In the bleak midwinter, frosty wind made moan, Earth stood hard as iron, water like a stone; Snow had fallen, snow on snow, snow on snow, In the bleak midwinter, long ago. Our God, Heaven cannot hold Him, nor earth sustain; Heaven and earth shall flee away when He comes to reign. In the bleak midwinter a stable place sufficed The Lord God Almighty, Jesus Christ. Enough for Him, whom cherubim, worship night and day, Breastful of milk, and a mangerful of hay; Enough for Him, whom angels fall before, The ox and ass and camel which adore. Angels and archangels may have gathered there, Cherubim and seraphim thronged the air; But His mother only, in her maiden bliss, Worshipped the beloved with a kiss. What can I give Him, poor as I am? If I were a shepherd, I would bring a lamb; If I were a Wise Man, I would do my part; Yet what I can I give Him: give my heart.",poem_sum:poemsum_train.csv:row_1756
poem_0099,poem,Small Towns and The River by Mamang Dai,"Small towns always remind me of death. My hometown lies calmly amidst the trees, it is always the same, in summer or winter, with the dust flying, or the wind howling down the gorge. Just the other day someone died. In the dreadful silence we wept looking at the sad wreath of tuberoses. Life and death, life and death, only the rituals are permanent. The river has a soul. In the summer it cuts through the land like a torrent of grief. Sometimes, sometimes, I think it holds its breath seeking a land of fish and stars The river has a soul. It knows, stretching past the town, from the first drop of rain to dry earth and mist on the mountaintops, the river knows the immortality of water. A shrine of happy pictures marks the days of childhood. Small towns grow with anxiety for the future. The dead are placed pointing west. When the soul rises it will walk into the golden east, into the house of the sun. In the cool bamboo, restored in sunlight, life matters, like this. In small towns by the river we all want to walk with the gods.",poem_sum:poemsum_train.csv:row_1785
poem_0100,poem,Ode to Evening by William Collins,"If aught of oaten stop, or past'ral song, May hope, chaste Eve, to soothe thy modest ear, Like thy own solemn springs, Thy springs and dying gales, O nymph reserved, while now the bright-haired sun Sits in yon western tent, whose cloudy skirts, With brede ethereal wove, O'erhang his wavy bed; Now air is hushed, save where the weak-ey'd bat With short shrill shriek flits by on leathern wing, Or where the beetle winds His small but sullen horn As oft he rises 'midst the twilight path Against the pilgrim, borne in heedless hum: Now teach me, maid composed, To breathe some softened strain, Whose numbers stealing through thy dark'ning vale May not unseemly with its stillness suit, As musing slow, I hail Thy genial loved return. For when thy folding star arising shows His paly circlet, at his warning lamp The fragrant Hours, and elves Who slept in flowers the day, And many a nymph who wreathes her brows with sedge And sheds the fresh'ning dew, and lovelier still, The pensive pleasures sweet Prepare thy shad'wy car. Then lead, calm votress, where some sheety lake Cheers the lone heath, or some time-hallowed pile Or upland fallows grey Reflect its last cool gleam. But when chill blust'ring winds, or driving rain, Forbid my willing feet, be mine the hut That from the mountain's side Views wilds, and swelling floods, And hamlets brown, and dim-discovered spires, And hears their simple bell, and marks o'er all Thy dewy fingers draw The gradual dusky veil. While Spring shall pour his showers, as oft he wont, And bathe thy breathing tresses, meekest Eve; While Summer loves to sport Beneath thy ling'ring light; While sallow Autumn fills thy lap with leaves; Or Winter, yelling through the troublous air, Affrights thy shrinking train And rudely rends thy robes; So long, sure-found beneath the sylvan shed, Shall Fancy, Friendship, Science, rose-lipp'd Health, Thy gentlest influence own, And hymn thy fav'rite name!",poem_sum:poemsum_train.csv:row_270
poem_0101,poem,If You Forget Me by Pablo Neruda,"I want you to know one thing. You know how this is: if I look at the crystal moon, at the red branch of the slow autumn at my window, if I touch near the fire the impalpable ash or the wrinkled body of the log, everything carries me to you, as if everything that exists, aromas, light, metals, were little boats that sail toward those isles of yours that wait for me. Well, now, if little by little you stop loving me I shall stop loving you little by little. If suddenly you forget me do not look for me, for I shall already have forgotten you. If you think it long and mad, the wind of banners that passes through my life, and you decide to leave me at the shore of the heart where I have roots, remember that on that day, at that hour, I shall lift my arms and my roots will set off to seek another land. But if each day, each hour, you feel that you are destined for me with implacable sweetness, if each day a flower climbs up to your lips to seek me, ah my love, ah my own, in me all that fire is repeated, in me nothing is extinguished or forgotten, my love feeds on your love, beloved, and as long as you live it will be in your arms without leaving mine.",poem_sum:poemsum_train.csv:row_195
poem_0102,poem,"Behold that tree, in Autumn's dim decay by Anna Seward","Behold that tree, in Autumn's dim decay, Stripped by the frequent, chill, and eddying wind; Where yet some yellow, lonely leaves we find Lingering and trembling on the naked spray, Twenty, perchance, for millions whirled away! Emblem, also! too just, of humankind! Vain man expects longevity, designed For few indeed; and their protracted day What is it worth that Wisdom does not scorn? The blasts of sickness, care, and grief appal, That laid the friends in dust, whose natal morn Rose near their own; and solemn is the call; Yet, like those weak deserted leaves forlorn, Shivering they cling to life, and fear to fall!",poem_sum:poemsum_train.csv:row_529
poem_0103,poem,"After Prayers, Lie Cold by C.S. Lewis","Arise my body, my small body, we have striven Enough, and He is merciful; we are forgiven. Arise small body, puppet-like and pale, and go, White as the bed-clothes into bed, and cold as snow, Undress with small, cold fingers and put out the light, And be alone, hush'd mortal, in the sacred night, -A meadow whipt flat with the rain, a cup Emptied and clean, a garment washed and folded up, Faded in colour, thinned almost to raggedness By dirt and by the washing of that dirtiness. Be not too quickly warm again. Lie cold; consent To weariness' and pardon's watery element. Drink up the bitter water, breathe the chilly death; Soon enough comes the riot of our blood and breath.",poem_sum:poemsum_train.csv:row_715
poem_0104,poem,"Belle Isle, 1949 by Philip Levine","We stripped in the first warm spring night and ran down into the Detroit River to baptize ourselves in the brine of car parts, dead fish, stolen bicycles, melted snow. I remember going under hand in hand with a Polish highschool girl I'd never seen before, and the cries our breath made caught at the same time on the cold, and rising through the layers of darkness into the final moonless atmosphere that was this world, the girl breaking the surface after me and swimming out on the starless waters towards the lights of Jefferson Ave. and the stacks of the old stove factory unwinking. Turning at last to see no island at all but a perfect calm dark as far as there was sight, and then a light and another riding low out ahead to bring us home, ore boats maybe, or smokers walking alone. Back panting to the gray coarse beach we didn't dare fall on, the damp piles of clothes, and dressing side by side in silence to go back where we came from.",poem_sum:poemsum_train.csv:row_1285
poem_0105,poem,I Invite My Parents to a Dinner Party by Chen Chen,"In the invitation, I tell them for the seventeenth time (the fourth in writing), that I am gay. In the invitation, I include a picture of my boyfriend & write, You've met him two times. But this time, you will ask him things other than can you pass the whatever. You will ask him about him. You will enjoy dinner. You will be enjoyable. Please RSVP. They RSVP. They come. They sit at the table & ask my boyfriend the first of the conversation starters I slip them upon arrival: How is work going? I'm like the kid in Home Alone, orchestrating every movement of a proper family, as if a pair of scary yet deeply incompetent burglars is watching from the outside. My boyfriend responds in his chipper way. I pass my father a bowl of fish ball soup--So comforting, isn't it? My mother smiles her best Sitting with Her Son's Boyfriend Who Is a Boy Smile. I smile my Hurray for Doing a Little Better Smile. Everyone eats soup. Then, my mother turns to me, whispers in Mandarin, Is he coming with you for Thanksgiving? My good friend is & she wouldn't like this. I'm like the kid in Home Alone, pulling on the string that makes my cardboard mother more motherly, except she is not cardboard, she is already, exceedingly my mother. Waiting for my answer. While my father opens up a Boston Globe, when the invitation clearly stated: No security blankets. I'm like the kid in Home Alone, except the home is my apartment, & I'm much older, & not alone, & not the one who needs to learn, has to--Remind me what's in that recipe again, my boyfriend says to my mother, as though they have always, easily talked. As though no one has told him many times, what a nonlinear slapstick meets slasher flick meets psychological pit he is now co-starring in. Remind me, he says to our family.",poem_sum:poemsum_train.csv:row_1257
poem_0106,poem,Diary of a Church Mouse by John Betjeman,"Here among long-discarded cassocks, Damp stools, and half-split open hassocks, Here where the vicar never looks I nibble through old service books. Lean and alone I spend my days Behind this Church of England baize. I share my dark forgotten room With two oil-lamps and half a broom. The cleaner never bothers me, So here I eat my frugal tea. My bread is sawdust mixed with straw; My jam is polish for the floor. Christmas and Easter may be feasts For congregations and for priests, And so may Whitsun. All the same, They do not fill my meagre frame. For me the only feast at all Is Autumn's Harvest Festival, When I can satisfy my want With ears of corn around the font. I climb the eagle's brazen head To burrow through a loaf of bread. I scramble up the pulpit stair And gnaw the marrows hanging there. It is enjoyable to taste These items ere they go to waste, But how annoying when one finds That other mice with pagan minds Come into church my food to share Who have no proper business there. Two field mice who have no desire To be baptized, invade the choir. A large and most unfriendly rat Comes in to see what we are at. He says he thinks there is no God And yet he comes ... it's rather odd. This year he stole a sheaf of wheat (It screened our special preacher's seat), And prosperous mice from fields away Come in to hear our organ play, And under cover of its notes Ate through the altar's sheaf of oats. A Low Church mouse, who thinks that I Am too papistical, and High, Yet somehow doesn't think it wrong To munch through Harvest Evensong, While I, who starve the whole year through, Must share my food with rodents who Except at this time of the year Not once inside the church appear. Within the human world I know Such goings-on could not be so, For human beings only do What their religion tells them to. They read the Bible every day And always, night and morning, pray, And just like me, the good church mouse, Worship each week in God's own house, But all the same it's strange to me How very full the church can be With people I don't see at all Except at Harvest Festival.",poem_sum:poemsum_train.csv:row_68
poem_0107,poem,Flower On the Road by Chitra Padmanabhan,"Spring has come, said the bougainvillea Crimson, orange, cream and yellow Making a flower wall along the road I bring happiness to all. Wait, said the little flower on the edge of the kerb I, too, blossom though I am small Every now and then a little child walks past, sees me at her height And happily smiles. Doesn't that make us comrades on the road!",poem_sum:poemsum_train.csv:row_770
poem_0108,poem,Two Lines from the Brothers Grimm by Gregory Orr,"Now we must get up quickly, dress ourselves, and run away. Because it surrounds us, because they are coming with wolves on leashes, because I stood just now at the window and saw the wall of hills on fire. They have taken our parents away. Downstairs in the half dark, two strangers move about, lighting the stove.",poem_sum:poemsum_train.csv:row_1823
poem_0109,poem,There May Be Chaos Still Around The World by George Santayana,"There may be chaos still around the world, This little world that in my thinking lies; For mine own bosom is the paradise Where all my life's fair visions are unfurled. Within my nature's shell I slumber curled, Unmindful of the changing outer skies, Where now, perchance, some new-born Eros flies, Or some old Cronos from his throne is hurled. I heed them not; or if the subtle night Haunt me with deities I never saw, I soon mine eyelid's drowsy curtain draw To hide their myriad faces from my sight. They threat in vain; the whirlwind cannot awe A happy snow-flake dancing in the flaw.",poem_sum:poemsum_train.csv:row_284
poem_0110,poem,Myxomatosis by Philip Larkin,"Caught in the center of a soundless field While hot inexplicable hours go by What trap is this? Where were its teeth concealed? You seem to ask. I make a sharp reply, Then clean my stick. I'm glad I can't explain Just in what jaws you were to suppurate: You may have thought things would come right again If you could only keep quite still and wait.",poem_sum:poemsum_train.csv:row_1838
poem_0111,poem,Beautiful Old Age by D.H. Lawrence,"It ought to be lovely to be old to be full of the peace that comes of experience and wrinkled ripe fulfilment. The wrinkled smile of completeness that follows a life lived undaunted and unsoured with accepted lies they would ripen like apples, and be scented like pippins in their old age. Soothing, old people should be, like apples when one is tired of love. Fragrant like yellowing leaves, and dim with the soft stillness and satisfaction of autumn. And a girl should say: It must be wonderful to live and grow old. Look at my mother, how rich and still she is! - And a young man should think: By Jove my father has faced all weathers, but it's been a life!",poem_sum:poemsum_train.csv:row_1799
poem_0112,poem,Epistle to a Young Friend by Robert Burns,"I Lang hae thought, my youthfu' friend, A something to have sent you, Tho' it should serve nae ither end Than just a kind memento: But how the subject-theme may gang, Let time and chance determine; Perhaps it may turn out a sang: Perhaps turn out a sermon. Ye'll try the world soon, my lad; And, Andrew dear, believe me, Ye'll find mankind an unco squad, And muckle they may grieve ye: For care and trouble set your thought, Ev'n when your end's attained; And a' your views may come to nought, Where ev'ry nerve is strained. I'll no say, men are villains a'; The real, harden'd wicked, Wha hae nae check but human law, Are to a few restricked; But, Och! mankind are unco weak, An' little to be trusted; If self the wavering balance shake, It's rarely right adjusted! Yet they wha fa' in fortune's strife, Their fate we shouldna censure; For still, th' important end of life They equally may answer; A man may hae an honest heart, Tho' poortith hourly stare him; A man may tak a neibor's part, Yet hae nae cash to spare him. Aye free, aff-han', your story tell, When wi' a bosom crony; But still keep something to yoursel', Ye scarcely tell to ony: Conceal yoursel' as weel's ye can Frae critical dissection; But keek thro' ev'ry other man, Wi' sharpen'd, sly inspection. The sacred lowe o' weel-plac'd love, Luxuriantly indulge it; But never tempt th' illicit rove, Tho' naething should divulge it: I waive the quantum o' the sin, The hazard of concealing; But, Och! it hardens a' within, And petrifies the feeling! To catch dame Fortune's golden smile, Assiduous wait upon her; And gather gear by ev'ry wile That's justified by honour; Not for to hide it in a hedge, Nor for a train attendant; But for the glorious privilege Of being independent. The fear o' hell's a hangman's whip, To haud the wretch in order; But where ye feel your honour grip, Let that aye be your border; Its slightest touches, instant pause- Debar a' side-pretences; And resolutely keep its laws, Uncaring consequences. The great Creator to revere, Must sure become the creature; But still the preaching cant forbear, And ev'n the rigid feature: Yet ne'er with wits profane to range, Be complaisance extended; An atheist-laugh's a poor exchange For Deity offended! When ranting round in pleasure's ring, Religion may be blinded; Or if she gie a random sting, It may be little minded; But when on life we're tempest driv'n- A conscience but a canker- A correspondence fix'd wi' Heav'n, Is sure a noble anchor! Adieu, dear, amiable youth! Your heart can ne'er be wanting! May prudence, fortitude, and truth, Erect your brow undaunting! In ploughman phrase, ""God send you speed,"" Still daily to grow wiser; And may ye better reck the rede, Then ever did th' adviser!",poem_sum:poemsum_train.csv:row_624
poem_0113,poem,Love (III) by George Herbert,"Love bade me welcome. Yet my soul drew back Guilty of dust and sin. But quick-eyed Love, observing me grow slack From my first entrance in, Drew nearer to me, sweetly questioning, If I lacked any thing. A guest, I answered, worthy to be here: Love said, You shall be he. I the unkind, ungrateful? Ah my dear, I cannot look on thee. Love took my hand, and smiling did reply, Who made the eyes but I? Truth Lord, but I have marred them: let my shame Go where it doth deserve. And know you not, says Love, who bore the blame? My dear, then I will serve. You must sit down, says Love, and taste my meat: So I did sit and eat.",poem_sum:poemsum_train.csv:row_1176
poem_0114,poem,The Truth the Dead Know by Anne Sexton,"Gone, I say and walk from church, refusing the stiff procession to the grave, letting the dead ride alone in the hearse. It is June. I am tired of being brave. We drive to the Cape. I cultivate myself where the sun gutters from the sky, where the sea swings in like an iron gate and we touch. In another country people die. My darling, the wind falls in like stones from the whitehearted water and when we touch we enter touch entirely. No one's alone. Men kill for this, or for as much. And what of the dead? They lie without shoes in their stone boats. They are more like stone than the sea would be if it stopped. They refuse to be blessed, throat, eye and knucklebone.",poem_sum:poemsum_train.csv:row_1341
poem_0115,poem,Never Seek to Tell thy Love by William Blake,Never seek to tell thy love Love that never told can be For the gentle wind does move Silently invisibly I told my love I told my love I told her all my heart Trembling cold in ghastly fears Ah she doth depart Soon as she was gone from me A traveller came by Silently invisibly O was no deny,poem_sum:poemsum_train.csv:row_353
poem_0116,poem,"Lying in a Hammock at William Duffy's Farm in Pine Island, Minnesota by James Wright","Over my head, I see the bronze butterfly, Asleep on the black trunk, Blowing like a leaf in green shadow. Down the ravine behind the empty house, The cowbells follow one another Into the distances of the afternoon. To my right, In a field of sunlight between two pines, The droppings of last year's horses Blaze up into golden stones. I lean back, as the evening darkens and comes on. A chicken hawk floats over, looking for home. I have wasted my life.",poem_sum:poemsum_train.csv:row_451
poem_0117,poem,The Breather by Billy Collins,"Just as in the horror movies when someone discovers that the phone calls are coming from inside the house so too, I realized that our tender overlapping has been taking place only inside me. All that sweetness, the love and desire-- it's just been me dialing myself then following the ringing to another room to find no one on the line, well, sometimes a little breathing but more often than not, nothing. To think that all this time-- which would include the boat rides, the airport embraces, and all the drinks-- it's been only me and the two telephones, the one on the wall in the kitchen and the extension in the darkened guest room upstairs.",poem_sum:poemsum_train.csv:row_1215
poem_0118,poem,To a Poet a Thousand Years Hence by James Elroy Flecker,"I who am dead a thousand years, And wrote this sweet archaic song, Send you my words for messengers The way I shall not pass along. I care not if you bridge the seas, Or ride secure the cruel sky, Or build consummate palaces Of metal or of masonry. But have you wine and music still, And statues and a bright-eyed love, And foolish thoughts of good and ill, And prayers to them who sit above? How shall we conquer? Like a wind That falls at eve our fancies blow, And old Maeonides the blind Said it three thousand years ago. O friend unseen, unborn, unknown, Student of our sweet English tongue, Read out my words at night, alone: I was a poet, I was young. Since I can never see your face, And never shake you by the hand, I send my soul through time and space To greet you. You will understand.",poem_sum:poemsum_train.csv:row_730
poem_0119,poem,The Choice by Dorothy Parker,"HE'D have given me rolling lands, Houses of marble, and billowing farms, Pearls, to trickle between my hands, Smoldering rubies, to circle my arms. You--you'd only a lilting song, Only a melody, happy and high, You were sudden and swift and strong,-- Never a thought for another had I. He'd have given me laces rare, Dresses that glimmered with frosty sheen, Shining ribbons to wrap my hair, Horses to draw me, as fine as a queen. You--you'd only to whistle low, Gaily I followed wherever you led. I took you, and I let him go,-- Somebody ought to examine my head!",poem_sum:poemsum_train.csv:row_836
poem_0120,poem,Macklin's Jack O'Lantern by David McCord,"Mr. Macklin takes his knife And carves the yellow pumpkin face: Three holes bring eyes and nose to life, The mouth has thirteen teeth in place. Then Mr. Macklin just for fun Transfers the corn-cob pipe from his Wry mouth to Jack's, and everyone Dies laughing! O what fun it is Till Mr. Macklin draws the shade And lights the candle in Jack's skull. Then all the inside dark is made As spooky and as horrorful As Halloween, and creepy crawl The shadows on the tool-house floor, With Jack's face dancing on the wall. O Mr. Macklin! where's the door?",poem_sum:poemsum_train.csv:row_1839
poem_0121,poem,"""If thou must love me..."" (Sonnet 14) by Elizabeth Barrett Browning","If thou must love me, let it be for nought Except for love's sake only. Do not say, ""I love her for her smile--her look--her way Of speaking gently,--for a trick of thought That falls in well with mine, and certes brought A sense of pleasant ease on such a day""-- For these things in themselves, Beloved, may Be changed, or change for thee--and love, so wrought, May be unwrought so. Neither love me for Thine own dear pity's wiping my cheeks dry: A creature might forget to weep, who bore Thy comfort long, and lose thy love thereby! But love me for love's sake, that evermore Thou mayst love on, through love's eternity.",poem_sum:poemsum_train.csv:row_1633
poem_0122,poem,Present - Poem by Sonia Sanchez,"This woman vomiting her hunger over the world this melancholy woman forgotten before memory came this yellow movement bursting forth like coltrane's melodies all mouth buttocks moving like palm tress, this honeycoatedalabamianwoman raining rhythm to blue/black/smiles this yellow woman carrying beneath her breasts pleasures without tongues this woman whose body waves desert patterns, this woman wet with wandering, reviving the beauty of forests and winds is telling you secrets gather up your odors and listen as she sings the mold from memory. there is no place for a soft / black / woman. there is no smile green enough or summertime words warm enough to allow my growth. and in my head i see my history standing like a shy child and i chant lullabies as i ride my past on horseback tasting the thirst of yesterday tribes hearing the ancient/black/woman me, singing hay-hay-hay-hay-ya-ya-ya. hay-hay-hay-hay-ya-ya-ya. like a slow scent beneath the sun and i dance my creation and my grandmothers gathering from my bones like great wooden birds spread their wings while their long/legged/laughter stretched the night. and i taste the seasons of my birth. mangoes. papayas. drink my woman/coconut/milks stalk the ancient grandfathers sipping on proud afternoons walk like a song round my waist tremble like a new/born/child troubles with new breaths and my singing becomes the only sound of a blue/black/magical/woman. walking. womb ripe. walking. loud with mornings. walking. making pilgrimage to herself. walking.",poem_sum:poemsum_train.csv:row_820
poem_0123,poem,A Memory by Lola Ridge,"I remember The crackle of the palm trees Over the mooned white roofs of the town... The shining town... And the tender fumbling of the surf On the sulphur-yellow beaches As we sat...a little apart...in the close-pressing night. The moon hung above us like a golden mango, And the moist air clung to our faces, Warm and fragrant as the open mouth of a child And we watched the out-flung sea Rolling to the purple edge of the world, Yet ever back upon itself... As we... Inadequate night... And mooned white memory Of a tropic sea... How softly it comes up Like an ungathered lily.",poem_sum:poemsum_train.csv:row_1172
poem_0124,poem,Concord Hymn by Ralph Waldo Emerson,"By the rude bridge that arched the flood, Their flag to April's breeze unfurled, Here once the embattled farmers stood And fired the shot heard round the world. The foe long since in silence slept; Alike the conqueror silent sleeps; And Time the ruined bridge has swept Down the dark stream which seaward creeps. On this green bank, by this soft stream, We set today a votive stone; That memory may their deed redeem, When, like our sires, our sons are gone. Spirit, that made those heroes dare To die, and leave their children free, Bid Time and Nature gently spare The shaft we raise to them and thee.",poem_sum:poemsum_train.csv:row_29
poem_0125,poem,Theme in Yellow by Carl Sandburg,I spot the hills With yellow balls in autumn. I light the prairie cornfields Orange and tawny gold clusters And I am called pumpkins. On the last of October When dusk is fallen Children join hands And circle round me Singing ghost songs And love to the harvest moon; I am a jack-o'-lantern With terrible teeth And the children know I am fooling.,poem_sum:poemsum_train.csv:row_860
poem_0126,poem,Canary by Rita Dove,"Billie Holiday's burned voice had as many shadows as lights, a mournful candelabra against a sleek piano, the gardenia her signature under that ruined face. (Now you're cooking, drummer to bass, magic spoon, magic needle. Take all day if you have to with your mirror and your bracelet of song.) Fact is, the invention of women under siege has been to sharpen love in the service of myth. If you can't be free, be a mystery.",poem_sum:poemsum_train.csv:row_861
poem_0127,poem,My Boy the Hero by James Khan,"My boy, the hero played his part, Upon his sleeve; his stripes, his heart And when they marched out on parade My boy, the hero played, A patriot like Churchill's own, He fought the fight and bought it home And in the band to serenade My boy, the hero played, But now the anchor left its mark, Marooned, my son, his outlook dark And plucked like fiddles, strings all frayed- My boy, the hero played, The hauntings of a ghost within The shell that holds his mortal sin The game of life, a live grenade- My boy, the hero played.",poem_sum:poemsum_train.csv:row_1114
poem_0128,poem,I am not that Woman by Kishwar Naheed,"I am not that woman Selling you socks and shoes! Remember me, I am the one you hid In your walls of stone, while you roamed Free as the breeze, not knowing That my voice cannot be smothered by stones, I am the one you crushed With the weight of custom and tradition Not knowing That light cannot be hidden in darkness. Remember me, I am the one in whose lap You picked flowers And planted thorns and embers Not knowing That chains cannot smother my fragrance I am the woman Whom you bought and sold In the name of my own chastity Not knowing That I can walk on water When I am drowning. I am the one you married off To get rid of a burden Not knowing That a nation of captive minds Cannot be free. I am the commodity you traded in, My chastity, my motherhood, my loyalty. Now it is time for me to flower free. The woman on that poster, half-naked, selling socks and shoes- No, no, I am not that woman!",poem_sum:poemsum_train.csv:row_1902
poem_0129,poem,Poppies by Jane Weir,"Three days before Armistice Sunday and poppies had already been placed on individual war graves. Before you left, I pinned one onto your lapel, crimped petals, spasms of paper red, disrupting a blockade of yellow bias binding around your blazer. Sellotape bandaged around my hand, I rounded up as many white cat hairs as I could, smoothed down your shirt's upturned collar, steeled the softening of my face. I wanted to graze my nose across the tip of your nose, play at being Eskimos like we did when you were little. I resisted the impulse to run my fingers through the gelled blackthorns of your hair. All my words flattened, rolled, turned into felt, slowly melting. I was brave, as I walked with you, to the front door, threw it open, the world overflowing like a treasure chest. A split second and you were away, intoxicated. After you'd gone I went into your bedroom, released a song bird from its cage. Later a single dove flew from the pear tree, and this is where it has led me, skirting the church yard walls, my stomach busy making tucks, darts, pleats, hat-less, without a winter coat or reinforcements of scarf, gloves. On reaching the top of the hill I traced the inscriptions on the war memorial, leaned against it like a wishbone. The dove pulled freely against the sky, an ornamental stitch, I listened, hoping to hear your playground voice catching on the wind.",poem_sum:poemsum_train.csv:row_1689
poem_0130,poem,how is it so easy for you by Rupi Kaur,how is it so easy for you to be kind to people he asked milk and honey dripped from my lips as i answered cause people have not been kind to me,poem_sum:poemsum_train.csv:row_202
poem_0131,poem,The Donkey by G.K. Chesterton,"When fishes flew and forests walked And figs grew upon thorn, Some moment when the moon was blood Then surely I was born. With monstrous head and sickening cry And ears like errant wings, The devil's walking parody On all four-footed things. The tattered outlaw of the earth, Of ancient crooked will; Starve, scourge, deride me: I am dumb, I keep my secret still. Fools! For I also had my hour; One far fierce hour and sweet: There was a shout about my ears, And palms before my feet.",poem_sum:poemsum_train.csv:row_740
poem_0132,poem,To God by Ivor Gurney,"Why have you made life so intolerable And set me between four walls, where I am able Not to escape meals without prayer, for that is possible Only by annoying an attendant. And tonight a sensual Hell has been put on me, so that all has deserted me And I am merely crying and trembling in heart For Death, and cannot get it. And gone out is part Of sanity. And there is dreadful Hell within me, And nothing helps, forced meals there have been and electricity And weakening of sanity by influence Thats dreadful to endure, and there is orders And I am praying for death, death, death And dreadful is the indrawing or out-breathing of breath Because of the intolerable insults put on my whole soul Of the soul loathed, loathed, loathed of the soul. Gone out every bright thing from my mind. All lost that ever God himself designed. Not half can be written of cruelty of man, on man, Not often such evil guessed as between Man and Man.",poem_sum:poemsum_train.csv:row_689
poem_0133,poem,With rue my heart is laden by A.E. Housman,"With rue my heart is laden For golden friends I had, For many a rose-lipt maiden And many a lightfoot lad. By brooks too broad for leaping The lightfoot boys are laid; The rose-lipt girls are sleeping In fields where roses fade.",poem_sum:poemsum_train.csv:row_782
poem_0134,poem,An Easy Passage by Julia Copus,"Once she is halfway up there, crouched in her bikini on the porch roof of her family's house, trembling, she knows that the one thing she must not do is to think of the narrow windowsill, the sharp drop of the stairwell; she must keep her mind on the friend with whom she is half in love and who is waiting for her on the blond gravel somewhere beneath her, keep her mind on her and on the fact of the open window, the flimsy, hole-punched, aluminium lever towards which in a moment she will reach with the length of her whole body, leaning in to the warm flank of the house. But first she steadies herself, still crouching, the grains of the asphalt hot beneath her toes and fingertips, a square of petrified beach. Her tiny breasts rest lightly on her thighs. - What can she know of the way the world admits us less and less the more we grow? For now both girls seem lit, as if from within, their hair and the gold stud earrings in the first one's ears; for now the long, grey eye of the street, and far away from the mother who does not trust her daughter with a key, the workers about their business in the drab electroplating factory over the road, far too, most far, from the flush-faced secretary who, with her head full of the evening class she plans to take, or the trip of a lifetime, looks up now from the stirring omens of the astrology column at a girl - thirteen if she's a day - standing in next to nothing in the driveway opposite, one hand flat against her stomach, one shielding her eyes to gaze up at a pale calf, a silver anklet and the five neat shimmering oyster-painted toenails of an outstretched foot which catch the sunlight briefly like the flash of armaments before dropping gracefully into the shade of the house.",poem_sum:poemsum_train.csv:row_1129
poem_0135,poem,Monday's Child,"Monday's child is fair of face Tuesday's child is full of grace, Wednesday's child is full of woe, Thursday's child has far to go, Friday's child is loving and giving, Saturday's child works hard for a living, But the child who is born on the Sabbath Day Is bonny and blithe and good and gay.",poem_sum:poemsum_train.csv:row_1279
poem_0136,poem,In the Prison Pen by Herman Melville,"Listless he eyes the palisades And sentries in the glare; 'Tis barren as a pelican-beach-- But his world is ended there. Nothing to do; and vacant hands Bring on the idiot-pain; He tries to think--to recollect, But the blur is on his brain. Around him swarm the plaining ghosts Like those on Virgil's shore-- A wilderness of faces dim, And pale ones gashed and hoar. A smiting sun. No shed, no tree; He totters to his lair-- A den that sick hands dug in earth Ere famine wasted there, Or, dropping in his place, he swoons, Walled in by throngs that press, Till forth from the throngs they bear him dead-- Dead in his meagerness.",poem_sum:poemsum_train.csv:row_1223
poem_0137,poem,Sonnet 106 by William Shakespeare,"When in the chronicle of wasted time I see descriptions of the fairest wights, And beauty making beautiful old rhyme In praise of ladies dead and lovely knights, Then, in the blazon of sweet beauty's best, Of hand, of foot, of lip, of eye, of brow, I see their antique pen would have express'd Even such a beauty as you master now. So all their praises are but prophecies Of this our time, all you prefiguring; And, for they look'd but with divining eyes, They had not skill enough your worth to sing: For we, which now behold these present days, Have eyes to wonder, but lack tongues to praise.",poem_sum:poemsum_train.csv:row_690
poem_0138,poem,Part III: The Rime of The Ancient Mariner by S.T. Coleridge,"There passed a weary time. Each throat Was parched, and glazed each eye. A weary time! a weary time! How glazed each weary eye, When looking westward, I beheld A something in the sky. At first it seemed a little speck, And then it seemed a mist; It moved and moved, and took at last A certain shape, I wist. A speck, a mist, a shape, I wist! And still it neared and neared: As if it dodged a water-sprite, It plunged and tacked and veered. With throats unslaked, with black lips baked, We could nor laugh nor wail; Through utter drought all dumb we stood! I bit my arm, I sucked the blood, And cried, A sail! a sail! With throats unslaked, with black lips baked, Agape they heard me call: Gramercy! they for joy did grin, And all at once their breath drew in. As they were drinking all. See! see! (I cried) she tacks no more! Hither to work us weal; Without a breeze, without a tide, She steadies with upright keel! The western wave was all a-flame. The day was well nigh done! Almost upon the western wave Rested the broad bright Sun; When that strange shape drove suddenly Betwixt us and the Sun. And straight the Sun was flecked with bars, (Heaven's Mother send us grace!) As if through a dungeon-grate he peered With broad and burning face. Alas! (thought I, and my heart beat loud) How fast she nears and nears! Are those her sails that glance in the Sun, Like restless gossameres? Are those her ribs through which the Sun Did peer, as through a grate? And is that Woman all her crew? Is that a DEATH? and are there two? Is DEATH that woman's mate? Her lips were red, her looks were free, Her locks were yellow as gold: Her skin was as white as leprosy, The Night-mare LIFE-IN-DEATH was she, Who thicks man's blood with cold. The naked hulk alongside came, And the twain were casting dice; 'The game is done! I've won! I've won!' Quoth she, and whistles thrice. The Sun's rim dips; the stars rush out; At one stride comes the dark; With far-heard whisper, o'er the sea, Off shot the spectre-bark. We listened and looked sideways up! Fear at my heart, as at a cup, My life-blood seemed to sip! The stars were dim, and thick the night, The steersman's face by his lamp gleamed white; From the sails the dew did drip-- Till clomb above the eastern bar The horned Moon, with one bright star Within the nether tip. One after one, by the star-dogged Moon, Too quick for groan or sigh, Each turned his face with a ghastly pang, And cursed me with his eye. Four times fifty living men, (And I heard nor sigh nor groan) With heavy thump, a lifeless lump, They dropped down one by one. The souls did from their bodies fly,-- They fled to bliss or woe! And every soul, it passed me by, Like the whizz of my cross-bow!",poem_sum:poemsum_train.csv:row_178
poem_0139,poem,I Love You by Ella Wheeler Wilcox,"I love your lips when they're wet with wine And red with a wild desire; I love your eyes when the lovelight lies Lit with a passionate fire. I love your arms when the warm white flesh Touches mine in a fond embrace; I love your hair when the strands enmesh Your kisses against my face. Not for me the cold, calm kiss Of a virgin's bloodless love; Not for me the saint's white bliss, Nor the heart of a spotless dove. But give me the love that so freely gives And laughs at the whole world's blame, With your body so young and warm in my arms, It sets my poor heart aflame. So kiss me sweet with your warm wet mouth, Still fragrant with ruby wine, And say with a fervor born of the South That your body and soul are mine. Clasp me close in your warm young arms, While the pale stars shine above, And we'll live our whole young lives away In the joys of a living love.",poem_sum:poemsum_train.csv:row_641
poem_0140,poem,Yet Do I Marvel by Countee Cullen,"I doubt not God is good, well-meaning, kind, And did He stoop to quibble could tell why The little buried mole continues blind, Why flesh that mirrors Him must some day die, Make plain the reason tortured Tantalus Is baited by the fickle fruit, declare If merely brute caprice dooms Sisyphus To struggle up a never-ending stair. Inscrutable His ways are, and immune To catechism by a mind too strewn With petty cares to slightly understand What awful brain compels His awful hand. Yet do I marvel at this curious thing: To make a poet black, and bid him sing!",poem_sum:poemsum_train.csv:row_1896
poem_0141,poem,A Late Walk by Robert Frost,"When I go up through the mowing field, The headless aftermath, Smooth-laid like thatch with the heavy dew, Half closes the garden path. And when I come to the garden ground, The whir of sober birds Up from the tangle of withered weeds Is sadder than any words. A tree beside the wall stands bare, But a leaf that lingered brown, Disturbed, I doubt not, by my thought, Comes softly rattling down. I end not far from my going forth By picking the faded blue Of the last remaining aster flower To carry again to you.",poem_sum:poemsum_train.csv:row_1948
poem_0142,poem,Growing Old by Matthew Arnold,"What is it to grow old? Is it to lose the glory of the form, The luster of the eye? Is it for beauty to forego her wreath? --Yes, but not this alone. Is it to feel our strength-- Not our bloom only, but our strength--decay? Is it to feel each limb Grow stiffer, every function less exact, Each nerve more loosely strung? Yes, this, and more; but not Ah, 'tis not what in youth we dreamed 'twould be! 'Tis not to have our life Mellowed and softened as with sunset glow, A golden day's decline. 'Tis not to see the world As from a height, with rapt prophetic eyes, And heart profoundly stirred; And weep, and feel the fullness of the past, The years that are no more. It is to spend long days And not once feel that we were ever young; It is to add, immured In the hot prison of the present, month To month with weary pain. It is to suffer this, And feel but half, and feebly, what we feel. Deep in our hidden heart Festers the dull remembrance of a change, But no emotion--none. It is--last stage of all-- When we are frozen up within, and quite The phantom of ourselves, To hear the world applaud the hollow ghost Which blamed the living man.",poem_sum:poemsum_train.csv:row_1335
poem_0143,poem,won't you celebrate with me by Lucille Clifton,"won't you celebrate with me what i have shaped into a kind of life? i had no model. born in babylon both nonwhite and woman what did i see to be except myself? i made it up here on this bridge between starshine and clay, my one hand holding tight my other hand; come celebrate with me that everyday something has tried to kill me and has failed.",poem_sum:poemsum_train.csv:row_1232
poem_0144,poem,Child of Our Time by Eavan Boland,"Yesterday I knew no lullaby But you have taught me overnight to order This song, which takes from your final cry Its tune, from your unreasoned end its reason; Its rhythm from the discord of your murder, Its motive from the fact you cannot listen. We who should have known how to instruct With rhymes for your waking, rhymes for your sleep Names for the animals you took to bed, Tales to distract, legends to protect, Later an idiom for you to keep And living, learn, must learn from you, dead. To make our broken images rebuild Themselves around your limbs, your broken Image, find for your sake whose life our idle Talk has cost, a new language. Child Of our time, our times have robbed your cradle. Sleep in a world your final sleep has woken.",poem_sum:poemsum_train.csv:row_1832
poem_0145,poem,Friends and Flatterers by William Shakespeare,"Every one that flatters thee Is no friend in misery. Words are easy, like the wind; Faithful friends are hard to find: Every man will be thy friend Whilst thou hast wherewith to spend; But if store of crowns be scant, No man will supply thy want. If that one be prodigal, Bountiful they will him call, And with such-like flattering, 'Pity but he were a king;' If he be addict to vice, Quickly him they will entice; If to women he be bent, They have at commandement: But if Fortune once do frown, Then farewell his great renown They that fawn'd on him before Use his company no more. He that is thy friend indeed, He will help thee in thy need: If thou sorrow, he will weep; If thou wake, he cannot sleep; Thus of every grief in heart He with thee doth bear a part. These are certain signs to know Faithful friend from flattering foe.",poem_sum:poemsum_train.csv:row_888
poem_0146,poem,She Was a Phantom of Delight by William Wordsworth,"She was a Phantom of delight When first she gleamed upon my sight; A lovely Apparition, sent To be a moment's ornament; Her eyes as stars of Twilight fair; Like Twilight's, too, her dusky hair; But all things else about her drawn From May-time and the cheerful Dawn; A dancing Shape, an Image gay, To haunt, to startle, and way-lay. I saw her upon nearer view, A Spirit, yet a Woman too! Her household motions light and free, And steps of virgin-liberty; A countenance in which did meet Sweet records, promises as sweet; A Creature not too bright or good For human nature's daily food; For transient sorrows, simple wiles, Praise, blame, love, kisses, tears, and smiles. And now I see with eye serene The very pulse of the machine; A Being breathing thoughtful breath, A Traveller between life and death; The reason firm, the temperate will, Endurance, foresight, strength, and skill; A perfect Woman, nobly planned, To warn, to comfort, and command; And yet a Spirit still, and bright With something of angelic light.",poem_sum:poemsum_train.csv:row_1439
poem_0147,poem,Needles and Pins by Shel Silverstein,"Needles and pins, Needles and pins, Sew me a sail To catch me the wind. Sew me a sail Strong as a gale, Carpenter, bring out your Hammers and nails. Hammers and nails, Hammers and nails, Build me a boat To go chasing the whales. Chasing the whales, Sailing the blue, Find me a captain And sign me a crew. Captain and crew, Captain and crew, Take me, oh take me To anywhere new.",poem_sum:poemsum_train.csv:row_1053
poem_0148,poem,Haymaking by Edward Thomas,"Aftear night's thunder far away had rolled The fiery day had a kernel sweet of cold, And in the perfect blue the clouds uncurled, Like the first gods before they made the world And misery, swimming the stormless sea In beauty and in divine gaiety. The smooth white empty road was lightly strewn With leaves--the holly's Autumn falls in June-- And fir cones standing stiff up in the heat. The mill-foot water tumbled white and lit With tossing crystals, happier than any crowd Of children pouring out of school aloud. And in the little thickets where a sleeper For ever might lie lost, the nettle-creeper And garden warbler sang unceasingly; While over them shrill shrieked in his fierce glee The swift with wings and tail as sharp and narrow As if the bow had flown off with the arrow. Only the scent of woodbine and hay new-mown Travelled the road. In the field sloping down, Park-like, to where its willows showed the brook, Haymakers rested. The tosser lay forsook Out in the sun; and the long waggon stood Without its team, it seemed it never would Move from the shadow of that single yew. The team, as still, until their task was due, Beside the labourers enjoyed the shade That three squat oaks mid-field together made Upon a circle of grass and weed uncut, And on the hollow, once a chalk-pit, but Now brimmed with nut and elder-flower so clean. The men leaned on their rakes, about to begin, But still. And all were silent. All was old, This morning time, with a great age untold, Older than Clare and Cobbett, Morland and Crome, Than, at the field's far edge, the farmer's home, A white house crouched at the foot of a great tree. Under the heavens that know not what years be The men, the beasts, the trees, the implements Uttered even what they will in times far hence-- All of us gone out of the reach of change-- Immortal in a picture of an old grange.",poem_sum:poemsum_train.csv:row_152
poem_0149,poem,A Supermarket in California by Allen Ginsberg,"What thoughts I have of you tonight, Walt Whitman, for I walked down the sidestreets under the trees with a headache self-conscious looking at the full moon. In my hungry fatigue, and shopping for images, I went into the neon fruit supermarket, dreaming of your enumerations! What peaches and what penumbras! Whole families shopping at night! Aisles full of husbands! Wives in the avocados, babies in the tomatoes!--and you, Garcia Lorca, what were you doing down by the watermelons? I saw you, Walt Whitman, childless, lonely old grubber, poking among the meats in the refrigerator and eyeing the grocery boys. I heard you asking questions of each: Who killed the pork chops? What price bananas? Are you my Angel? I wandered in and out of the brilliant stacks of cans following you, and followed in my imagination by the store detective. We strode down the open corridors together in our solitary fancy tasting artichokes, possessing every frozen delicacy, and never passing the cashier. Where are we going, Walt Whitman? The doors close in an hour. Which way does your beard point tonight? (I touch your book and dream of our odyssey in the supermarket and feel absurd.) Will we walk all night through solitary streets? The trees add shade to shade, lights out in the houses, we'll both be lonely. Will we stroll dreaming of the lost America of love past blue automobiles in driveways, home to our silent cottage? Ah, dear father, graybeard, lonely old courage-teacher, what America did you have when Charon quit poling his ferry and you got out on a smoking bank and stood watching the boat disappear on the black waters of Lethe?",poem_sum:poemsum_train.csv:row_1933
poem_0150,poem,Mad Girl's Love Song by Sylvia Plath,"I shut my eyes and all the world drops dead; I lift my lids and all is born again. (I think I made you up inside my head.) The stars go waltzing out in blue and red, And arbitrary blackness gallops in: I shut my eyes and all the world drops dead. I dreamed that you bewitched me into bed And sung me moon-struck, kissed me quite insane. (I think I made you up inside my head.) God topples from the sky, hell's fires fade: Exit seraphim and Satan's men: I shut my eyes and all the world drops dead. I fancied you'd return the way you said, But I grow old and I forget your name. (I think I made you up inside my head.) I should have loved a thunderbird instead; At least when spring comes they roar back again. I shut my eyes and all the world drops dead. (I think I made you up inside my head.)",poem_sum:poemsum_train.csv:row_502
poem_0151,poem,"Come, Walk With Me by Emily Bronte","Come, walk with me, There's only thee To bless my spirit now - We used to love on winter nights To wander through the snow; Can we not woo back old delights? The clouds rush dark and wild They fleck with shade our mountain heights The same as long ago And on the horizon rest at last In looming masses piled; While moonbeams flash and fly so fast We scarce can say they smiled - Come walk with me, come walk with me; We were not once so few But Death has stolen our company As sunshine steals the dew - He took them one by one and we Are left the only two; So closer would my feelings twine Because they have no stay but thine - 'Nay call me not - it may not be Is human love so true? Can Friendship's flower droop on for years And then revive anew? No, though the soil be wet with tears, How fair soe'er it grew The vital sap once perished Will never flow again And surer than that dwelling dread, The narrow dungeon of the dead Time parts the hearts of men -'",poem_sum:poemsum_train.csv:row_966
poem_0152,poem,Soliloquy of the Spanish Cloister by Robert Browning,"Gr-r-r--there go, my heart's abhorrence! Water your damned flower-pots, do! If hate killed men, Brother Lawrence, God's blood, would not mine kill you! What? your myrtle-bush wants trimming? Oh, that rose has prior claims-- Needs its leaden vase filled brimming? Hell dry you up with its flames! At the meal we sit together; Salve tibi! I must hear Wise talk of the kind of weather, Sort of season, time of year: Not a plenteous cork crop: scarcely Dare we hope oak-galls, I doubt; What's the Latin name for ""parsley""? What's the Greek name for ""swine's snout""? Whew! We'll have our platter burnished, Laid with care on our own shelf! With a fire-new spoon we're furnished, And a goblet for ourself, Rinsed like something sacrificial Ere 'tis fit to touch our chaps-- Marked with L. for our initial! (He-he! There his lily snaps!) Saint, forsooth! While Brown Dolores Squats outside the Convent bank With Sanchicha, telling stories, Steeping tresses in the tank, Blue-black, lustrous, thick like horsehairs, --Can't I see his dead eye glow, Bright as 'twere a Barbary corsair's? (That is, if he'd let it show!) When he finishes refection, Knife and fork he never lays Cross-wise, to my recollection, As do I, in Jesu's praise. I the Trinity illustrate, Drinking watered orange pulp-- In three sips the Arian frustrate; While he drains his at one gulp! Oh, those melons! if he's able We're to have a feast; so nice! One goes to the Abbot's table, All of us get each a slice. How go on your flowers? None double? Not one fruit-sort can you spy? Strange!--And I, too, at such trouble, Keep them close-nipped on the sly! There's a great text in Galatians, Once you trip on it, entails Twenty-nine district damnations, One sure, if another fails; If I trip him just a-dying, Sure of heaven as sure can be, Spin him round and send him flying Off to hell, a Manichee? Or, my scrofulous French novel On grey paper with blunt type! Simply glance at it, you grovel Hand and foot in Belial's gripe; If I double down its pages At the woeful sixteenth print, When he gathers his greengages, Ope a sieve and slip it in't? Or, there's Satan!--one might venture Pledge one's soul to him, yet leave Such a flaw in the indenture As he'd miss till, past retrieve, Blasted lay that rose-acacia We're so proud of! Hy, Zy, Hine... 'St, there's Vespers! Plena gratia Ave, Virgo! Gr-r-r--you swine!",poem_sum:poemsum_train.csv:row_1222
poem_0153,poem,Aristotle by Billy Collins,"This is the beginning. Almost anything can happen. This is where you find the creation of light, a fish wriggling onto land, the first word of Paradise Lost on an empty page. Think of an egg, the letter A, a woman ironing on a bare stage as the heavy curtain rises. This is the very beginning. The first-person narrator introduces himself, tells us about his lineage. The mezzo-soprano stands in the wings. Here the climbers are studying a map or pulling on their long woolen socks. This is early on, years before the Ark, dawn. The profile of an animal is being smeared on the wall of a cave, and you have not yet learned to crawl. This is the opening, the gambit, a pawn moving forward an inch. This is your first night with her, your first night without her. This is the first part where the wheels begin to turn, where the elevator begins its ascent, before the doors lurch apart. This is the middle. Things have had time to get complicated, messy, really. Nothing is simple anymore. Cities have sprouted up along the rivers teeming with people at cross-purposes-- a million schemes, a million wild looks. Disappointment unshoulders his knapsack here and pitches his ragged tent. This is the sticky part where the plot congeals, where the action suddenly reverses or swerves off in an outrageous direction. Here the narrator devotes a long paragraph to why Miriam does not want Edward's child. Someone hides a letter under a pillow. Here the aria rises to a pitch, a song of betrayal, salted with revenge. And the climbing party is stuck on a ledge halfway up the mountain. This is the bridge, the painful modulation. This is the thick of things. So much is crowded into the middle-- the guitars of Spain, piles of ripe avocados, Russian uniforms, noisy parties, lakeside kisses, arguments heard through a wall-- too much to name, too much to think about. And this is the end, the car running out of road, the river losing its name in an ocean, the long nose of the photographed horse touching the white electronic line. This is the colophon, the last elephant in the parade, the empty wheelchair, and pigeons floating down in the evening. Here the stage is littered with bodies, the narrator leads the characters to their cells, and the climbers are in their graves. It is me hitting the period and you closing the book. It is Sylvia Plath in the kitchen and St. Clement with an anchor around his neck. This is the final bit thinning away to nothing. This is the end, according to Aristotle, what we have all been waiting for, what everything comes down to, the destination we cannot help imagining, a streak of light in the sky, a hat on a peg, and outside the cabin, falling leaves.",poem_sum:poemsum_train.csv:row_1332
poem_0154,poem,Sick by Shel Silverstein,"""I cannot go to school today,"" Said little Peggy Ann McKay. ""I have the measles and the mumps, A gash, a rash and purple bumps. My mouth is wet, my throat is dry, I'm going blind in my right eye. My tonsils are as big as rocks, I've counted sixteen chicken pox And there's one more--that's seventeen, And don't you think my face looks green? My leg is cut--my eyes are blue-- It might be instamatic flu. I cough and sneeze and gasp and choke, I'm sure that my left leg is broke-- My hip hurts when I move my chin, My belly button's caving in, My back is wrenched, my ankle's sprained, My 'pendix pains each time it rains. My nose is cold, my toes are numb. I have a sliver in my thumb. My neck is stiff, my voice is weak, I hardly whisper when I speak. My tongue is filling up my mouth, I think my hair is falling out. My elbow's bent, my spine ain't straight, My temperature is one-o-eight. My brain is shrunk, I cannot hear, There is a hole inside my ear. I have a hangnail, and my heart is--what? What's that? What's that you say? You say today is. . .Saturday? G'bye, I'm going out to play!""",poem_sum:poemsum_train.csv:row_1764
poem_0155,poem,To a Snail by Marianne Moore,"If ""compression is the first grace of style,"" you have it. Contractility is a virtue as modesty is a virtue. It is not the acquisition of any one thing that is able to adorn, or the incidental quality that occurs as a concomitant of something well said, that we value in style, but the principle that is hid: in the absence of feet, ""a method of conclusions""; ""a knowledge of principles,"" in the curious phenomenon of your occipital horn.",poem_sum:poemsum_train.csv:row_134
poem_0156,poem,A Description of the Morning by Jonathan Swift,"Now hardly here and there a hackney-coach Appearing, show'd the ruddy morn's approach. Now Betty from her master's bed had flown, And softly stole to discompose her own. The slip-shod 'prentice from his master's door Had par'd the dirt, and sprinkled round the floor. Now Moll had whirl'd her mop with dext'rous airs, Prepar'd to scrub the entry and the stairs. The youth with broomy stumps began to trace The kennel-edge, where wheels had worn the place. The small-coal man was heard with cadence deep; Till drown'd in shriller notes of ""chimney-sweep."" Duns at his lordship's gate began to meet; And brickdust Moll had scream'd through half a street. The turnkey now his flock returning sees, Duly let out a-nights to steal for fees. The watchful bailiffs take their silent stands; And schoolboys lag with satchels in their hands.",poem_sum:poemsum_train.csv:row_283
poem_0157,poem,Romeo and Juliet Act II Prologue by William Shakespeare,"Enter Chorus Chorus Now old desire doth in his death-bed lie, And young affection gapes to be his heir; That fair for which love groan'd for and would die, With tender Juliet match'd, is now not fair. Now Romeo is beloved and loves again, Alike betwitched by the charm of looks, But to his foe supposed he must complain, And she steal love's sweet bait from fearful hooks: Being held a foe, he may not have access To breathe such vows as lovers use to swear; And she as much in love, her means much less To meet her new-beloved any where: But passion lends them power, time means, to meet Tempering extremities with extreme sweet. Exit",poem_sum:poemsum_train.csv:row_1956
poem_0158,poem,The friend by Marge Piercy,"We sat across the table. he said, cut off your hands. they are always poking at things. they might touch me. I said yes. Food grew cold on the table. he said, burn your body. it is not clean and smells like sex. it rubs my mind sore. I said yes. I love you, I said. That's very nice, he said I like to be loved, that makes me happy. Have you cut off your hands yet?",poem_sum:poemsum_train.csv:row_1630
poem_0159,poem,The Old Year by Henry Kendall,"IT PASSED like the breath of the night-wind away, It fled like a mist at the dawn of the day; It lasted its moment, then backward was hurled, Another increase to the age of the world. It passed with its shadows, its smiles and its tears, It passed as a stream to the ocean of years; Years that were coming--were here--and are o'er, The ages departed to visit no more. It passed, but the bark on its billowy track Leaves an impression on waters aback: The glow of the gloaming remains on the sky, Unwilling to leave us--unwilling to die. It fled; but away and away in its wake There lingers a something that time cannot break. The past and the future are joined by a chain, And memories live that must ever remain.",poem_sum:poemsum_train.csv:row_1790
poem_0160,poem,A Woman's Last Word by Robert Browning,"I. Let's contend no more, Love, Strive nor weep: All be as before, Love, ---Only sleep! II. What so wild as words are? I and thou In debate, as birds are, Hawk on bough! III. See the creature stalking While we speak! Hush and hide the talking, Cheek on cheek! IV. What so false as truth is, False to thee? Where the serpent's tooth is Shun the tree--- V. Where the apple reddens Never pry--- Lest we lose our Edens, Eve and I. VI. Be a god and hold me With a charm! Be a man and fold me With thine arm! VII. Teach me, only teach, Love As I ought I will speak thy speech, Love, Think thy thought--- VIII. Meet, if thou require it, Both demands, Laying flesh and spirit In thy hands. IX. That shall be to-morrow Not to-night: I must bury sorrow Out of sight: X ---Must a little weep, Love, (Foolish me!) And so fall asleep, Love, Loved by thee.",poem_sum:poemsum_train.csv:row_163
poem_0161,poem,In the Light of the Moon by Delmira Agustini,"The moon is pale and sad, the moon is bloodless and lifeless. The crescent moon imagines to me a soft profile of death... I who prefer the distinguished paleness Of all the Arabian pearls, the newly opened rose, In a corner of the land with the color of life, I adore that pale moon, I adore that dead face! And on the altar of the nights, like a flower on fire And drunk with strange perfumes, my soul the rendered incense. I know of lips withered in blasphemy and wine, Who kiss after the orgy their footprints on the road; Fools who die kissing his image in frozen lakes... Because she is the light of innocence, because in that mysterious light White things light up, things turn white, And even the darkest souls take uncertain light!",poem_sum:poemsum_train.csv:row_1905
poem_0162,poem,an afternoon nap by Arthur Yap,"the ambitious mother across the road is at it again. proclaiming her goodness she beats the boy. shouting out his wrongs, with raps she begins with his mediocre report-book grades. she strikes chords for the afternoon piano lesson, her voice stridently imitates 2 nd. lang. tuition, all the while circling the cowering boy in a manner apt for the most strenuous p.e. ploy. swift are all her contorted movements, ape for every need; no soft gradient of a consonant-vowel figure, she lumbers & shrieks, a hit for every 2 notes missed. his tears are dear. each monday, wednesday, friday, miss low & madam lim appear & take away $90 from the kitty leaving him an adagio, clause analysis, little pocket-money. the embittered boy across the road is at it again. proclaiming his bewilderment he yells at her. shouting out her wrongs, with tears he begins with her expensive taste for education.",poem_sum:poemsum_train.csv:row_1565
poem_0163,poem,Acrostic: Georgiana Augusta Keats by John Keats,"Give me your patience, sister, while I frame Exact in capitals your golden name; Or sue the fair Apollo and he will Rouse from his heavy slumber and instill Great love in me for thee and Poesy. Imagine not that greatest mastery And kingdom over all the Realms of verse, Nears more to heaven in aught, than when we nurse And surety give to love and Brotherhood. Anthropophagi in Othello's mood; Ulysses storm'd and his enchanted belt Glow with the Muse, but they are never felt Unbosom'd so and so eternal made, Such tender incense in their laurel shade To all the regent sisters of the Nine As this poor offering to you, sister mine. Kind sister! aye, this third name says you are; Enchanted has it been the Lord knows where; And may it taste to you like good old wine, Take you to real happiness and give Sons, daughters and a home like honied hive.",poem_sum:poemsum_train.csv:row_298
poem_0164,poem,Middle Passage by Robert Hayden,"I Jesus, Estrella, Esperanza, Mercy: Sails flashing to the wind like weapons, sharks following the moans the fever and the dying; horror the corposant and compass rose. Middle Passage: voyage through death to life upon these shores. ""10 April 1800-- Blacks rebellious. Crew uneasy. Our linguist says their moaning is a prayer for death, ours and their own. Some try to starve themselves. Lost three this morning leaped with crazy laughter to the waiting sharks, sang as they went under."" Desire, Adventure, Tartar, Ann: Standing to America, bringing home black gold, black ivory, black seed. Deep in the festering hold thy father lies, of his bones New England pews are made, those are altar lights that were his eyes. Jesus Saviour Pilot Me Over Life's Tempestuous Sea We pray that Thou wilt grant, O Lord, safe passage to our vessels bringing heathen souls unto Thy chastening. Jesus Saviour ""8 bells. I cannot sleep, for I am sick with fear, but writing eases fear a little since still my eyes can see these words take shape upon the page & so I write, as one would turn to exorcism. 4 days scudding, but now the sea is calm again. Misfortune follows in our wake like sharks (our grinning tutelary gods). Which one of us has killed an albatross? A plague among our blacks--Ophthalmia: blindness--& we have jettisoned the blind to no avail. It spreads, the terrifying sickness spreads. Its claws have scratched sight from the Capt.'s eyes & there is blindness in the fo'c'sle & we must sail 3 weeks before we come to port."" What port awaits us, Davy Jones' or home? I've heard of slavers drifting, drifting, playthings of wind and storm and chance, their crews gone blind, the jungle hatred crawling up on deck. Thou Who Walked On Galilee ""Deponent further sayeth The Bella J left the Guinea Coast with cargo of five hundred blacks and odd for the barracoons of Florida: ""That there was hardly room 'tween-decks for half the sweltering cattle stowed spoon-fashion there; that some went mad of thirst and tore their flesh and sucked the blood: ""That Crew and Captain lusted with the comeliest of the savage girls kept naked in the cabins; that there was one they called The Guinea Rose and they cast lots and fought to lie with her: ""That when the Bo's'n piped all hands, the flames spreading from starboard already were beyond control, the negroes howling and their chains entangled with the flames: ""That the burning blacks could not be reached, that the Crew abandoned ship, leaving their shrieking negresses behind, that the Captain perished drunken with the wenches: ""Further Deponent sayeth not."" Pilot Oh Pilot Me II Aye, lad, and I have seen those factories, Gambia, Rio Pongo, Calabar; have watched the artful mongos baiting traps of war wherein the victor and the vanquished Were caught as prizes for our barracoons. Have seen the nigger kings whose vanity and greed turned wild black hides of Fellatah, Mandingo, Ibo, Kru to gold for us. And there was one--King Anthracite we named him-- fetish face beneath French parasols of brass and orange velvet, impudent mouth whose cups were carven skulls of enemies: He'd honor us with drum and feast and conjo and palm-oil-glistening wenches deft in love, and for tin crowns that shone with paste, red calico and German-silver trinkets Would have the drums talk war and send his warriors to burn the sleeping villages and kill the sick and old and lead the young in coffles to our factories. Twenty years a trader, twenty years, for there was wealth aplenty to be harvested from those black fields, and I'd be trading still but for the fevers melting down my bones. III Shuttles in the rocking loom of history, the dark ships move, the dark ships move, their bright ironical names like jests of kindness on a murderer's mouth; plough through thrashing glister toward fata morgana's lucent melting shore, weave toward New World littorals that are mirage and myth and actual shore. Voyage through death, voyage whose chartings are unlove. A charnel stench, effluvium of living death spreads outward from the hold, where the living and the dead, the horribly dying, lie interlocked, lie foul with blood and excrement. Deep in the festering hold thy father lies, the corpse of mercy rots with him, rats eat love's rotten gelid eyes. But, oh, the living look at you with human eyes whose suffering accuses you, whose hatred reaches through the swill of dark to strike you like a leper's claw. You cannot stare that hatred down or chain the fear that stalks the watches and breathes on you its fetid scorching breath; cannot kill the deep immortal human wish, the timeless will. ""But for the storm that flung up barriers of wind and wave, The Amistad, senores, would have reached the port of Principe in two, three days at most; but for the storm we should have been prepared for what befell. Swift as the puma's leap it came. There was that interval of moonless calm filled only with the water's and the rigging's usual sounds, then sudden movement, blows and snarling cries and they had fallen on us with machete and marlinspike. It was as though the very air, the night itself were striking us. Exhausted by the rigors of the storm, we were no match for them. Our men went down before the murderous Africans. Our loyal Celestino ran from below with gun and lantern and I saw, before the cane- knife's wounding flash, Cinquez, that surly brute who calls himself a prince, directing, urging on the ghastly work. He hacked the poor mulatto down, and then he turned on me. The decks were slippery when daylight finally came. It sickens me to think of what I saw, of how these apes threw overboard the butchered bodies of our men, true Christians all, like so much jetsam. Enough, enough. The rest is quickly told: Cinquez was forced to spare the two of us you see to steer the ship to Africa, and we like phantoms doomed to rove the sea voyaged east by day and west by night, deceiving them, hoping for rescue, prisoners on our own vessel, till at length we drifted to the shores of this your land, America, where we were freed from our unspeakable misery. Now we demand, good sirs, the extradition of Cinquez and his accomplices to La Havana. And it distresses us to know there are so many here who seem inclined to justify the mutiny of these blacks. We find it paradoxical indeed that you whose wealth, whose tree of liberty are rooted in the labor of your slaves should suffer the august John Quincy Adams to speak with so much passion of the right of chattel slaves to kill their lawful masters and with his Roman rhetoric weave a hero's garland for Cinquez. I tell you that we are determined to return to Cuba with our slaves and there see justice done. Cinquez-- or let us say 'the Prince'--Cinquez shall die."" The deep immortal human wish, the timeless will: Cinquez its deathless primaveral image, life that transfigures many lives. Voyage through death to life upon these shores.",poem_sum:poemsum_train.csv:row_1479
poem_0165,poem,An Acrostic by Edgar Allan Poe,"Elizabeth it is in vain you say ""Love not"" -- thou sayest it in so sweet a way: In vain those words from thee or L.E.L. Zantippe's talents had enforced so well: Ah! if that language from thy heart arise, Breath it less gently forth -- and veil thine eyes. Endymion, recollect, when Luna tried To cure his love -- was cured of all beside -- His follie -- pride -- and passion -- for he died.",poem_sum:poemsum_train.csv:row_348
poem_0166,poem,Song: Go and catch a falling star by John Donne,"Go and catch a falling star, Get with child a mandrake root, Tell me where all past years are, Or who cleft the devil's foot, Teach me to hear mermaids singing, Or to keep off envy's stinging, And find What wind Serves to advance an honest mind. If thou be'st born to strange sights, Things invisible to see, Ride ten thousand days and nights, Till age snow white hairs on thee, Thou, when thou return'st, wilt tell me, All strange wonders that befell thee, And swear, No where Lives a woman true, and fair. If thou find'st one, let me know, Such a pilgrimage were sweet; Yet do not, I would not go, Though at next door we might meet; Though she were true, when you met her, And last, till you write your letter, Yet she Will be False, ere I come, to two, or three.",poem_sum:poemsum_train.csv:row_433
poem_0167,poem,Identity by Julio Noboa Polanco,"Let them be as flowers, Always watered, fed, guarded, admired, But harnessed to a pot of dirt. I'd rather be a tall, ugly weed, Clinging on cliffs, like an eagle Wind-wavering above high, jagged rocks. To have broken through the surface of stone, To live, to feel exposed to the madness Of the vast, eternal sky. To be swayed by the breezes of an ancient sea, Carrying my soul, my seed, Beyond the mountains of time or into the abyss of the bizarre. I'd rather be unseen, and if Then shunned by everyone, Than to be a pleasant-smelling flower, Growing in clusters in the fertile valley, Where they're praised, handled, and plucked By greedy, human hands. I'd rather smell of musty, green stench Than of sweet, fragrant lilac. If I could stand alone, strong and free, I'd rather be a tall, ugly weed.",poem_sum:poemsum_train.csv:row_511
poem_0168,poem,The Sacred by Stephen Dunn,"After the teacher asked if anyone had a sacred place and the students fidgeted and shrank in their chairs, the most serious of them all said it was his car, being in it alone, his tape deck playing things he'd chosen, and others knew the truth had been spoken and began speaking about their rooms, their hiding places, but the car kept coming up, the car in motion, music filling it, and sometimes one other person who understood the bright altar of the dashboard and how far away a car could take him from the need to speak, or to answer, the key in having a key and putting it in, and going.",poem_sum:poemsum_train.csv:row_48
poem_0169,poem,The Windhover by Gerard Manley Hopkins,"I caught this morning morning's minion, king- dom of daylight's dauphin, dapple-dawn-drawn Falcon, in his riding Of the rolling level underneath him steady air, and striding High there, how he rung upon the rein of a wimpling wing In his ecstasy! then off, off forth on swing, As a skate's heel sweeps smooth on a bow-bend: the hurl and gliding Rebuffed the big wind. My heart in hiding Stirred for a bird, - the achieve of, the mastery of the thing! Brute beauty and valour and act, oh, air, pride, plume, here Buckle! AND the fire that breaks from thee then, a billion Times told lovelier, more dangerous, O my chevalier! No wonder of it: sheer plod makes plough down sillion Shine, and blue-bleak embers, ah my dear, Fall, gall themselves, and gash gold-vermilion.",poem_sum:poemsum_train.csv:row_831
poem_0170,poem,Air by W.S. Merwin,"Naturally it is night. Under the overturned lute with its One string I am going my way Which has a strange sound. This way the dust, that way the dust. I listen to both sides But I keep right on. I remember the leaves sitting in judgment And then winter. I remember the rain with its bundle of roads. The rain taking all its roads. Nowhere. Young as I am, old as I am, I forget tomorrow, the blind man. I forget the life among the buried windows. The eyes in the curtains. The wall Growing through the immortelles. I forget silence The owner of the smile. This must be what I wanted to be doing, Walking at night between the two deserts, Singing.",poem_sum:poemsum_train.csv:row_1343
poem_0171,poem,Gretel in Darkness by Louise Gluck,"This is the world we wanted. All who would have seen us dead are dead. I hear the witch's cry break in the moonlight through a sheet of sugar: God rewards. Her tongue shrivels into gas Now far from women's arms and memory women, in our father's hut we sleep, are never hungry. Why do I not forget? My father bars the door, bars harm from this house, and it is years. No one remembers. Even you, my brother, summer afternoons you look at me though you meant to leave, as though it never happened. But I killed for you. I see armed firs, the spires of that gleaming kiln come back, come back Nights I turn to you to hold me but you are not there. Am I alone? Spies hiss in the stillness, Hansel, we are there still and it is real, real, that black forest and the fire in earnest.",poem_sum:poemsum_train.csv:row_1690
poem_0172,poem,The Hospital by Patrick Kavanagh,"A year ago I fell in love with the functional ward Of a chest hospital: square cubicles in a row Plain concrete, wash basins - an art lover's woe, Not counting how the fellow in the next bed snored. But nothing whatever is by love debarred, The common and banal her heat can know. The corridor led to a stairway and below Was the inexhaustible adventure of a gravelled yard. This is what love does to things: the Rialto Bridge, The main gate that was bent by a heavy lorry, The seat at the back of a shed that was a suntrap. Naming these things is the love-act and its pledge; For we must record love's mystery without claptrap, Snatch out of time the passionate transitory",poem_sum:poemsum_train.csv:row_1748
poem_0173,poem,The Dream by Lola Ridge,"I have a dream to fill the golden sheath of a remembered day . . . . (Air heavy and massed and blue as the vapor of opium . . . domes fired in sulphurous mist . . . sea quiescent as a gray seal . . . and the emerging sun spurting up gold over Sydney, smoke-pale, rising out of the bay . . . . ) But the day is an up-turned cup and its sun a junk of red iron guttering in sluggish-green water where shall I pour my dream?",poem_sum:poemsum_train.csv:row_1152
poem_0174,poem,The Sugar-Plum Tree by Eugene Field,"Have you ever heard of the Sugar-Plum Tree? 'Tis a marvel of great renown! It blooms on the shore of the Lollypop sea In the garden of Shut-Eye Town; The fruit that it bears is so wondrously sweet (As those who have tasted it say) That good little children have only to eat Of that fruit to be happy next day. When you've got to the tree, you would have a hard time To capture the fruit which I sing; The tree is so tall that no person could climb To the boughs where the sugar-plums swing! But up in that tree sits a chocolate cat, And a gingerbread dog prowls below - And this is the way you contrive to get at Those sugar-plums tempting you so: You say but the word to that gingerbread dog And he barks with such terrible zest That the chocolate cat is at once all agog, As her swelling proportions attest. And the chocolate cat goes cavorting around From this leafy limb unto that, And the sugar-plums tumble, of course, to the ground - Hurrah for that chocolate cat! There are marshmallows, gumdrops, and peppermint canes, With stripings of scarlet or gold, And you carry away of the treasure that rains, As much as your apron can hold! So come, little child, cuddle closer to me In your dainty white nightcap and gown, And I'll rock you away to that Sugar-Plum Tree In the garden of Shut-Eye Town.",poem_sum:poemsum_train.csv:row_1858
poem_0175,poem,A Brave and Startling Truth by Maya Angelou,"We, this people, on a small and lonely planet Traveling through casual space Past aloof stars, across the way of indifferent suns To a destination where all signs tell us It is possible and imperative that we learn A brave and startling truth And when we come to it To the day of peacemaking When we release our fingers From fists of hostility And allow the pure air to cool our palms When we come to it When the curtain falls on the minstrel show of hate And faces sooted with scorn are scrubbed clean When battlefields and coliseum No longer rake our unique and particular sons and daughters Up with the bruised and bloody grass To lie in identical plots in foreign soil When the rapacious storming of the churches The screaming racket in the temples have ceased When the pennants are waving gaily When the banners of the world tremble Stoutly in the good, clean breeze When we come to it When we let the rifles fall from our shoulders And children dress their dolls in flags of truce When land mines of death have been removed And the aged can walk into evenings of peace When religious ritual is not perfumed By the incense of burning flesh And childhood dreams are not kicked awake By nightmares of abuse When we come to it Then we will confess that not the Pyramids With their stones set in mysterious perfection Nor the Gardens of Babylon Hanging as eternal beauty In our collective memory Not the Grand Canyon Kindled into delicious color By Western sunsets Nor the Danube, flowing its blue soul into Europe Not the sacred peak of Mount Fuji Stretching to the Rising Sun Neither Father Amazon nor Mother Mississippi who, without favor, Nurture all creatures in the depths and on the shores These are not the only wonders of the world When we come to it We, this people, on this minuscule and kithless globe Who reach daily for the bomb, the blade and the dagger Yet who petition in the dark for tokens of peace We, this people on this mote of matter In whose mouths abide cankerous words Which challenge our very existence Yet out of those same mouths Come songs of such exquisite sweetness That the heart falters in its labor And the body is quieted into awe We, this people, on this small and drifting planet Whose hands can strike with such abandon That in a twinkling, life is sapped from the living Yet those same hands can touch with such healing, irresistible tenderness That the haughty neck is happy to bow And the proud back is glad to bend Out of such chaos, of such contradiction We learn that we are neither devils nor divines When we come to it We, this people, on this wayward, floating body Created on this earth, of this earth Have the power to fashion for this earth A climate where every man and every woman Can live freely without sanctimonious piety Without crippling fear When we come to it We must confess that we are the possible We are the miraculous, the true wonder of this world That is when, and only when We come to it.",poem_sum:poemsum_train.csv:row_381
poem_0176,poem,A Quoi Bon Dire by Charlotte Mew,"Seventeen years ago you said Something that sounded like Good-bye; And everybody thinks that you are dead, But I. So I, as I grow stiff and cold To this and that say Good-bye too; And everybody sees that I am old But you. And one fine morning in a sunny lane Some boy and girl will meet and kiss and swear That nobody can love their way again While over there You will have smiled, I shall have tossed your hair.",poem_sum:poemsum_train.csv:row_783
poem_0177,poem,Fire and Sleet and Candlelight by Elinor Wylie,"For this you've striven Daring, to fail: Your sky is riven Like a tearing veil. For this, you've wasted Wings of your youth; Divined, and tasted Bitter springs of truth. From sand unslaked Twisted strong cords, And wandered naked Among trysted swords. There's a word unspoken, A knot untied. Whatever is broken The earth may hide. The road was jagged Over sharp stones: Your body's too ragged To cover your bones. The wind scatters Tears upon dust; Your soul's in tatters Where the spears thrust. Your race is ended-- See, it is run: Nothing is mended Under the sun. Straight as an arrow You fall to a sleep Not too narrow And not too deep.",poem_sum:poemsum_train.csv:row_447
poem_0178,poem,One Life by Paul Laurence Dunbar,"Oh, I am hurt to death, my Love; The shafts of Fate have pierced my striving heart, And I am sick and weary of The endless pain and smart. My soul is weary of the strife, And chafes at life, and chafes at life. Time mocks me with fair promises; A blooming future grows a barren past, Like rain my fair full-blossomed trees Unburden in the blast. The harvest fails on grain and tree, Nor comes to me, nor comes to me. The stream that bears my hopes abreast Turns ever from my way its pregnant tide. My laden boat, torn from its rest, Drifts to the other side. So all my hopes are set astray, And drift away, and drift away. The lark sings to me at the morn, And near me wings her skyward-soaring flight; But pleasure dies as soon as born, The owl takes up the night, And night seems long and doubly dark; I miss the lark, I miss the lark. Let others labor as they may, I'll sing and sigh alone, and write my line. Their fate is theirs, or grave or gay, And mine shall still be mine. I know the world holds joy and glee, But not for me,--'t is not for me.",poem_sum:poemsum_train.csv:row_1628
poem_0179,poem,Floral Tribute by Simon Armitage,"Evening will come, however determined the late afternoon, Limes and oaks in their last green flush, pearled in September mist. I have conjured a lily to light these hours, a token of thanks, Zones and auras of soft glare framing the brilliant globes. A promise made and kept for life - that was your gift - Because of which, here is a gift in return, glovewort to some, Each shining bonnet guarded by stern lance-like leaves. The country loaded its whole self into your slender hands, Hands that can rest, now, relieved of a century's weight. Evening has come. Rain on the black lochs and dark Munros. Lily of the Valley, a namesake almost, a favourite flower Interlaced with your famous bouquets, the restrained Zeal and forceful grace of its lanterns, each inflorescence A silent bell disguising a singular voice. A blurred new day Breaks uncrowned on remote peaks and public parks, and Everything turns on these luminous petals and deep roots, This lily that thrives between spire and tree, whose brightness Holds and glows beyond the life and border of its bloom.",poem_sum:poemsum_train.csv:row_377
poem_0180,poem,Who's for the Game? by Jessie Pope,"Who's for the game, the biggest that's played, The red crashing game of a fight? Who'll grip and tackle the job unafraid? And who thinks he'd rather sit tight? Who'll toe the line for the signal to 'Go!'? Who'll give his country a hand? Who wants a turn to himself in the show? And who wants a seat in the stand? Who knows it won't be a picnic - not much- Yet eagerly shoulders a gun? Who would much rather come back with a crutch Than lie low and be out of the fun? Come along, lads - But you'll come on all right - For there's only one course to pursue, Your country is up to her neck in a fight, And she's looking and calling for you.",poem_sum:poemsum_train.csv:row_57
poem_0181,poem,what if a much of a which of a wind by E.E. cummings,"what if a much of a which of a wind gives truth to the summer's lie; bloodies with dizzying leaves the sun and yanks immortal stars awry? Blow king to beggar and queen to seem (blow friend to fiend:blow space to time) --when skies are hanged and oceans drowned, the single secret will still be man what if a keen of a lean wind flays screaming hills with sleet and snow: strangles valleys by ropes of thing and stifles forests in white ago? Blow hope to terror;blow seeing to blind (blow pity to envy and soul to mind) --whose hearts are mountains, roots are trees, it's they shall cry hello to the spring what if a dawn of a doom of a dream bites this universe in two, peels forever out of his grave and sprinkles nowhere with me and you? Blow soon to never and never to twice (blow life to isn't: blow death to was) --all nothing's only our hugest home; the most who die,the more we live",poem_sum:poemsum_train.csv:row_67
poem_0182,poem,Dirty Face by Shel Silverstein,"Where did you get such a dirty face, My darling dirty-faced child? I got it from crawling along in the dirt And biting two buttons off Jeremy's shirt. I got it from chewing the roots of a rose And digging for clams in the yard with my nose. I got it from peeking into a dark cave And painting myself like a Navajo brave. I got it from playing with coal in the bin And signing my name in cement with my chin. I got it from rolling around on the rug And giving the horrible dog a big hug. I got it from finding a lost silver mine And eating sweet blackberries right off the vine. I got it from ice cream and wrestling and tears And from having more fun than you've had in years.",poem_sum:poemsum_train.csv:row_136
poem_0183,poem,Hamatreya by Ralph Waldo Emerson,"Bulkeley, Hunt, Willard, Hosmer, Meriam, Flint, Possessed the land which rendered to their toil Hay, corn, roots, hemp, flax, apples, wool, and wood. Each of these landlords walked amidst his farm, Saying, ""'Tis mine, my children's and my name's. How sweet the west wind sounds in my own trees! How graceful climb those shadows on my hill! I fancy these pure waters and the flags Know me, as does my dog: we sympathize; And, I affirm, my actions smack of the soil."" Where are these men? Asleep beneath their grounds: And strangers, fond as they, their furrows plough. Earth laughs in flowers, to see her boastful boys Earth-proud, proud of the earth which is not theirs; Who steer the plough, but cannot steer their feet Clear of the grave. They added ridge to valley, brook to pond, And sighed for all that bounded their domain; ""This suits me for a pasture; that's my park; We must have clay, lime, gravel, granite-ledge, And misty lowland, where to go for peat. The land is well,--lies fairly to the south. 'Tis good, when you have crossed the sea and back, To find the sitfast acres where you left them."" Ah! the hot owner sees not Death, who adds Him to his land, a lump of mould the more. Hear what the Earth say:-- EARTH-SONG ""Mine and yours; Mine, not yours. Earth endures; Stars abide-- Shine down in the old sea; Old are the shores; But where are old men? I who have seen much, Such have I never seen. ""The lawyer's deed Ran sure, In tail, To them and to their heirs Who shall succeed, Without fail, Forevermore. ""Here is the land, Shaggy with wood, With its old valley, Mound and flood. But the heritors?-- Fled like the flood's foam. The lawyer and the laws, And the kingdom, Clean swept herefrom. ""They called me theirs, Who so controlled me; Yet every one Wished to stay, and is gone, How am I theirs, If they cannot hold me, But I hold them?"" When I heard the Earth-song I was no longer brave; My avarice cooled Like lust in the chill of the grave.",poem_sum:poemsum_train.csv:row_319
poem_0184,poem,On the Beach at Fontana by James Joyce,"Wind whines and whines the shingle, The crazy pierstakes groan; A senile sea numbers each single Slimesilvered stone. From whining wind and colder Grey sea I wrap him warm And touch his trembling fineboned shoulder And boyish arm. Around us fear, descending Darkness of fear above And in my heart how deep unending Ache of love!",poem_sum:poemsum_train.csv:row_1555
poem_0185,poem,Evening by Friedrich Schiller,"Oh! thou bright-beaming god, the plains are thirsting, Thirsting for freshening dew, and man is pining; Wearily move on thy horses-- Let, then, thy chariot descend! Seest thou her who, from ocean's crystal billows, Lovingly nods and smiles?--Thy heart must know her! Joyously speed on thy horses,-- Tethys, the goddess, 'tis nods! Swiftly from out his flaming chariot leaping, Into her arms he springs,--the reins takes Cupid,-- Quietly stand the horses, Drinking the cooling flood. Now from the heavens with gentle step descending, Balmy night appears, by sweet love followed; Mortals, rest ye, and love ye,-- Phoebus, the loving one, rests!",poem_sum:poemsum_train.csv:row_1923
poem_0186,poem,The Crocodile by Lewis Carroll,"How doth the little crocodile Improve his shining tail, And pour the waters of the Nile On every golden scale! How cheerfully he seems to grin, How neatly spreads his claws, And welcomes little fishes in, With gently smiling jaws!",poem_sum:poemsum_train.csv:row_1028
poem_0187,poem,In the Reading-Room of the British Museum by Louise Imogen Guiney,"Praised be the moon of books! that doth above A world of men, the fallen Past behold, And fill the spaces else so void and cold To make a very heaven again thereof; As when the sun is set behind a grove, And faintly unto nether ether rolled, All night his whiter image and his mould Grows beautiful with looking on her love. Thou therefore, moon of so divine a ray, Lend to our steps both fortitude and light! Feebly along a venerable way They climb the infinite, or perish quite; Nothing are days and deeds to such as they, While in this liberal house thy face is bright.",poem_sum:poemsum_train.csv:row_1615
poem_0188,poem,First They Came by Pastor Martin Neimoller,First they came for the Communists And I did not speak out Because I was not a Communist Then they came for the Socialists And I did not speak out Because I was not a Socialist Then they came for the trade unionists And I did not speak out Because I was not a trade unionist Then they came for the Jews And I did not speak out Because I was not a Jew Then they came for me And there was no one left To speak out for me,poem_sum:poemsum_train.csv:row_1807
poem_0189,poem,The Mind Is an Enchanting Thing by Marianne Moore,"is an enchanted thing like the glaze on a katydid-wing subdivided by sun till the nettings are legion. Like Gieseking playing Scarlatti; like the apteryx-awl as a beak, or the kiwi's rain-shawl of haired feathers, the mind feeling its way as though blind, walks along with its eyes on the ground. It has memory's ear that can hear without having to hear. Like the gyroscope's fall, truly equivocal because trued by regnant certainty, it is a power of strong enchantment. It is like the dove- neck animated by sun; it is memory's eye; it's conscientious inconsistency. It tears off the veil; tears the temptation, the mist the heart wears, from its eyes - if the heart has a face; it takes apart dejection. It's fire in the dove-neck's iridescence; in the inconsistencies of Scarlatti. Unconfusion submits its confusion to proof: it's not a Herod's oath that cannot change.",poem_sum:poemsum_train.csv:row_1995
poem_0190,poem,A Silly Poem by Spike Milligan,"Said Hamlet to Ophelia, I'll draw a sketch of thee, What kind of pencil shall I use? 2B or not 2B?",poem_sum:poemsum_train.csv:row_243
poem_0191,poem,On Love by Kahlil Gibran,"Then said Almitra, Speak to us of Love. And he raised his head and looked upon the people, and there fell a stillness upon them. And with a great voice he said: When love beckons to you, follow him, Though his ways are hard and steep. And when his wings enfold you yield to him, Though the sword hidden among his pinions may wound you. And when he speaks to you believe in him, Though his voice may shatter your dreams as the north wind lays waste the garden. For even as love crowns you so shall he crucify you. Even as he is for your growth so is he for your pruning. Even as he ascends to your height and caresses your tenderest branches that quiver in the sun, So shall he descend to your roots and shake them in their clinging to the earth. * Like sheaves of corn he gathers you unto himself. He threshes you to make you naked. He sifts you to free you from your husks. He grinds you to whiteness. He kneads you until you are pliant; And then he assigns you to his sacred fire, that you may become sacred bread for God's sacred feast. All these things shall love do unto you that you may know the secrets of your heart, and in that knowledge become a fragment of Life's heart. But if in your fear you would seek only love's peace and love's pleasure, Then it is better for you that you cover your nakedness and pass out of love's threshing-floor, Into the seasonless world where you shall laugh, but not all of your laughter, and weep, but not all of your tears. * Love gives naught but itself and takes naught but from itself. Love possesses not nor would it be possessed; For love is sufficient unto love. When you love you should not say, ""God is in my heart,"" but rather, ""I am in the heart of God."" And think not you can direct the course of love, for love, if it finds you worthy, directs your course. Love has no other desire but to fulfil itself. But if you love and must needs have desires, let these be your desires: To melt and be like a running brook that sings its melody to the night. To know the pain of too much tenderness. To be wounded by your own under- standing of love; And to bleed willingly and joyfully. To wake at dawn with a winged heart and give thanks for another day of loving; To rest at the noon hour and meditate love's ecstasy; To return home at eventide with grati- tude; And then to sleep with a prayer for the beloved in your heart and a song of praise upon your lips.",poem_sum:poemsum_train.csv:row_1474
poem_0192,poem,After Reverdy by Ron Padgett,I would never have wanted to see your sad face again Your cheeks and your windy hair I went all across the country Under this humid woodpecker Day and night Under the sun and the rain Now we are face to face again What does one say to my face Once I rested up against a tree So long I got stuck to it That kind of love is terrible,poem_sum:poemsum_train.csv:row_1307
poem_0193,poem,Age by Philip Larkin,"My age fallen away like white swaddling Floats in the middle distance, becomes An inhabited cloud. I bend closer, discern A lighted tenement scuttling with voices. O you tall game I tired myself with joining! Now I wade through you like knee-level weeds, And they attend me, dear translucent bergs: Silence and space. By now so much has flown From the nest here of my head that I needs must turn To know what prints I leave, whether of feet, Or spoor of pads, or a bird's adept splay.",poem_sum:poemsum_train.csv:row_1999
poem_0194,poem,Feelings by Spike Milligan,"There must be a wound! No one can be this hurt and not bleed. How could she injure me so? No marks No bruises Worse! People say 'My, you're looking well' .....God help me! She's mummified me - ALIVE!",poem_sum:poemsum_train.csv:row_1744
poem_0195,poem,The Hour is Come by Louisa Lawson,"How did she fight? She fought well. How did she light? Ah, she fell. Why did she fall? God, who knows all, Only can tell. Those she was fighting for -- they Surely would go to her? Nay! What of her pain! Their's is the gain. Ever the way. Will they not help her to rise If there is death in her eyes? Can you not see? She made them free. What if she dies ? Can we not help her? Oh, no! In her good fight it is so That all who work never must shirk Suff'ring and woe. But she'll not ever lie down - On her head, in the dust, is a crown Jewelled and bright, under whose light She'll rise alone.",poem_sum:poemsum_train.csv:row_143
poem_0196,poem,After by Philip Bourke Marston,"A little time for laughter, A little time to sing, A little time to kiss and cling, And no more kissing after. A little while for scheming Love's unperfected schemes; A little time for golden dreams, Then no more any dreaming. A little while 'twas given To me to have thy love; Now, like a ghost, alone I move About a ruined heaven. A little time for speaking Things sweet to say and hear; A time to seek, and find thee near, Then no more any seeking. A little time for saying Words the heart breaks to say; A short sharp time wherein to pray, Then no more need of praying; But long, long years to weep in, And comprehend the whole Great grief that desolates the soul, And eternity to sleep in.",poem_sum:poemsum_train.csv:row_363
poem_0197,poem,No More Boomerang by Oodgeroo Noonuccal,"No more boomerang No more spear; Now alll civilized- Colour bar and beer. No more corroboree, Gay dance and din. Now we got movies, And pay to go in. No more sharing What the hunter brings. Now we work for money, Then pay it back for things. Now we track bosses To catch a few bob, Now we go walkabout On bus to the job. One time naked, Who never knew shame; Now we put clothes on To hide whatsaname. No more gunya, Now bungalow, Paid by hire purchase In twenty year or so. Lay down the stone axe, Take up the steel, And work like a nigger For a white man meal. No more firesticks That made the whites scoff. Now all electric, And no better off. Bunyip he finish, Now got instead White fella Bunyip, Call him Red. Abstract picture now- What they coming at? Cripes, in our caves we Did better than that. Black hunted wallaby, White hunt dollar; White fella witch-doctor Wear dog-collar. No more message-stick; Lubras and lads Got television now. Mostly ads. Lay down the woomera, Lay down the waddy. Now we got atom-bomb, End everybody.",poem_sum:poemsum_train.csv:row_1253
poem_0198,poem,To Her Father with Some Verses by Anne Bradstreet,"Most truly honoured, and as truly dear, If worth in me or ought I do appear, Who can of right better demand the same Than may your worthy self from whom it came? The principal might yield a greater sum, Yet handled ill, amounts but to this crumb; My stock's so small I know not how to pay, My bond remains in force unto this day; Yet for part payment take this simple mite, Where nothing's to be had, kings loose their right. Such is my debt I may not say forgive, But as I can, I'll pay it while I live; Such is my bond, none can discharge but I, Yet paying is not paid until I die.",poem_sum:poemsum_train.csv:row_1940
poem_0199,poem,Flower-Gathering by Robert Frost,"I left you in the morning, And in the morning glow, You walked a way beside me To make me sad to go. Do you know me in the gloaming, Gaunt and dusty grey with roaming? Are you dumb because you know me not, Or dumb because you know? All for me? And not a question For the faded flowers gay That could take me from beside you For the ages of a day? They are yours, and be the measure Of their worth for you to treasure, The measure of the little while That I've been long away.",poem_sum:poemsum_train.csv:row_1280
story_0200,story,VIST Story 45883,"i 'm taking a banking class so that i can get a promotion . this requires much too much thought . card goes in this way . i just wish everyone would sit down so i can see . this is the questions and answers part . very personal , not with a group .",vist:test.story-in-sequence.json:story_45883
story_0201,story,VIST Story 46285,"repairs and renovations were needed for the rv . the inside was fine , however , and was very cozy . in fact , it was very fancy ! but outside needed some tender-loving care . work continues , but is nearing completion !",vist:test.story-in-sequence.json:story_46285
story_0202,story,VIST Story 47520,"the tourists arrived in the city at sunset . they walked towards the buildings under construction . as they passed buildings , the lights came on inside . they stopped to admire the new construction . they watched the construction workers do a few final jobs before they went home for the day .",vist:test.story-in-sequence.json:story_47520
story_0203,story,VIST Story 45816,so yesterday we went on a tour of organization . we found a crazy lady selling cookies on the side of the road . we met some guys . we checked out the library . and then we went home .,vist:test.story-in-sequence.json:story_45816
story_0204,story,VIST Story 48788,my friend and i went to a charity concert to benefit kids in need . a lot of different artist played and donated their time and talent to the charity . the guitars are always my favorite . then everyone came out and played together . it was amazing . this was my favorite singer/guitar player . he was awesome ! !,vist:test.story-in-sequence.json:story_48788
story_0205,story,VIST Story 48846,"she loved her aunt . everyone said she had her mothers blue eyes . she certainly did n't get her mothers big feet though . fortunatly , her feet were of average size , like her aunts . her hands she thought were unique unto herself .",vist:test.story-in-sequence.json:story_48846
story_0206,story,VIST Story 47163,"my hobby is gardening . when i got the chance to visit the location location i just had to go . they were as beautiful in person as i 've ever seen them pictured . i walked around for hours marveling at their gardeners skills . i had such an amazing time , i can not wait to go again .",vist:test.story-in-sequence.json:story_47163
story_0207,story,VIST Story 47722,this event is for fraternities to help develop leaders and great men . the uniformed men have come together in support for this cause . the speaker is one of the main advocates for the event . the people on the stage ate discussing important things . quite a number of people showed up to show their support for the event .,vist:test.story-in-sequence.json:story_47722
story_0208,story,VIST Story 45954,after many years they finally are replacing the clock tower clock precision craftsmanship went into making the clock they worked over 5 days to make it perfect they even brought in a specialist to see things along its going to be a great clock when its done,vist:test.story-in-sequence.json:story_45954
story_0209,story,VIST Story 47187,"i went on a site-seeing tour of my city today . the architecture was incredible , with stone and cement buildings . one of them looked like it could have been built by the romans . standing in a field , we could see the entire city at once . the local plants are pretty incredibly , since they 're so colorful .",vist:test.story-in-sequence.json:story_47187
story_0210,story,VIST Story 47298,"we visited my parents house , which is close to the beach . their land is next to the ocean . the beach , however , is a little ways down the road . my mom showed my cousins poem he did in school . my dad enjoyed his time with his granddaughter .",vist:test.story-in-sequence.json:story_47298
story_0211,story,VIST Story 47026,we had a 5k race for charity lots of kids took interest and it was a success at the first mile people started to get tired some girls kept going they made it to the end,vist:test.story-in-sequence.json:story_47026
story_0212,story,VIST Story 48260,our company was having a big planning meeting . it seemed as though everyone was there . lots of presentations took place . and big plans were put into place . afterwards we all talked and enjoyed each others company .,vist:test.story-in-sequence.json:story_48260
story_0213,story,VIST Story 46147,there was a parade in location with a marching band from the military . people watched from the building windows . many more people watched from the sidewalks . when the parade was over people talked about it together . one man was determined to protest the event with a large sign .,vist:test.story-in-sequence.json:story_46147
story_0214,story,VIST Story 48233,"an important deadline was approaching quickly , so our work group had to pull long hours to get the job done . we used our most advanced computing possible . things got a little heated after staying up so many hours . we did n't get to shower and brush our teeth , so these kept us from smelling too horribly . after hours of work , we were finally done ! i enjoyed finally being able to relax and play a video game .",vist:test.story-in-sequence.json:story_48233
story_0215,story,VIST Story 49367,i went to the market last week . i was really hungry . i bought a delicious sandwich there . afterward i went for a walk . i found myself in location .,vist:test.story-in-sequence.json:story_49367
story_0216,story,VIST Story 49245,"the leaf was perfectly shaped . the pink was so bright on these flowers . the white flowers had a hint of pink to them . these flowers were shaped strangely , but pretty . i never saw a flower like this .",vist:test.story-in-sequence.json:story_49245
story_0217,story,VIST Story 48111,"my cat does not like to have pictures taken with him in it . oh no he spotted me ! that 's not good ! he turned me into the police and i was arrested next to this watch out sign ! we now all walk out of our apartment , homeless . we need to find a new home . also we ca n't have cats anymore . court order .",vist:test.story-in-sequence.json:story_48111
story_0218,story,VIST Story 45762,"we went to the organization organization organization for school yesterday . it was a neat museum with everything having to do with teeth . they had rows and charts of books on teeth . they even had some of the instruments that dentists used to use on display . ughhh ! at the end , we saw some of the dentures that the dentists had made .",vist:test.story-in-sequence.json:story_45762
story_0219,story,VIST Story 48973,"the construction scene was surprisingly clean . the workers did n't like mess , so they made sure to clean up every night . they had tables set up for them to eat lunch on , and then they got back to work constructing the new building .",vist:test.story-in-sequence.json:story_48973
story_0220,story,VIST Story 46081,when i arrived to the city it was very foggy . we began to set up for the film we were making . the lighting and sound guys arrived late but were happy to have made it there . some people showed up in support of us filming in their city . we wrapped up filming and had a party .,vist:test.story-in-sequence.json:story_46081
story_0221,story,VIST Story 46254,a friendly game of pool at the pub . lining up the perfect shot . a lady dives across the table to save the shot . two friends out on the town . someone is telling the photographer they are number one .,vist:test.story-in-sequence.json:story_46254
story_0222,story,VIST Story 46276,[female] is turning 21 today ! [female] makes her wish . time to enjoy some of the wonderful cake . friends at the party for [female] . [female] is really enjoying herself and feeling pretty good !,vist:test.story-in-sequence.json:story_46276
story_0223,story,VIST Story 47565,we kicked off our day of sightseeing very early . it was so early that city was deserted . we later found out it was a holiday . we strolled through many shops and were tempted to purchase too much . this was our wonderful meal at the end of a long day . we splurged on a foot massage back at the hotel while planning the next day of walking .,vist:test.story-in-sequence.json:story_47565
story_0224,story,VIST Story 45885,the family was gathered in the living room . the two boys waited outside for the school bus . dad gave cyndi a big smooch . cyndi has time to watch tv before going to school . that 's the bus that will take all the kids to school .,vist:test.story-in-sequence.json:story_45885
story_0225,story,VIST Story 47153,"check out the view from this window . i love the large windows and balcony . the view is so beautiful and breath-taking , i can sit out here for hours . she is entering the building . this is our living space , it is kind of cluttered .",vist:test.story-in-sequence.json:story_47153
story_0226,story,VIST Story 46302,"having some friends and family over for some quality time . these woman look very pleased to be taking this picture . the kids are getting along great , are enjoying each other . they are swinging on swings and having a good time . all the kids are gravitating to the tree playhouse area .",vist:test.story-in-sequence.json:story_46302
story_0227,story,VIST Story 46413,"schools out for summer ! dinner with the boys to celebrate . now what are we going to do with them , we thought as we smiled for the camera . maybe they will be good ? `` smile boys '' yeah that looks more natural . but hope springs eternal !",vist:test.story-in-sequence.json:story_46413
story_0228,story,VIST Story 46742,the last pose before heading out for treats . i wonder where my buddy went . i got my cute little green bag filled . it was a great night . look at all the great candy i got . why ca n't i eat my candy for dinner ?,vist:test.story-in-sequence.json:story_46742
story_0229,story,VIST Story 48039,everyone is enjoying the party . everyone has a drink in their hand ! there were a lot of people who showed up to the party . everyone comes to get a drink . there were plenty of drinks for everyone .,vist:test.story-in-sequence.json:story_48039
story_0230,story,VIST Story 49156,"the family parked their airstream trailer . grandpa could n't wait to start taking pictures . the little girl just wanted to run ! she had a lot of energy ! soon , her footprints could be seen everywhere .",vist:test.story-in-sequence.json:story_49156
story_0231,story,VIST Story 45776,first day of school for my two . sis leans on big bro for a confidence boost . it does n't take long to get wacky though . are you two ready for school yet . yay here come the bus .,vist:test.story-in-sequence.json:story_45776
story_0232,story,VIST Story 48566,"going to a wild bird rehabilitation center can be an eye opening trip . some of these beautiful birds have been hurt in accidents , and these people get them healed up and back into the air . [male] here has trained this golden eagle to fly around and come back to land on his gloved hand . while not all the birds may be attractive , they are all still important . i had never seen an owl like this up close in daylight , and he was gorgeous .",vist:test.story-in-sequence.json:story_48566
story_0233,story,VIST Story 47398,"[male] was a fun loving guy . he could make the simplest meal feel like a real treat , even just a plate of french fries . his goofy faces were incredibly , especially with his beard to accent them . after eating , he 'd go to the food booths and buy something strange for dessert , to make us all gag . i hated to see his signature blue minivan leave . he always drove a minivan , although he was single without kids !",vist:test.story-in-sequence.json:story_47398
story_0234,story,VIST Story 47747,we had the fire company come out the help with the christmas lights everyone came to help out and get it ready we used big bulbs so they would look better the trees were gigantic so we needed big ladders the fire truck ladder was especially useful,vist:test.story-in-sequence.json:story_47747
story_0235,story,VIST Story 47513,there was all kinds of good food at the market . people were selling croissants . other people had veggies for sale . these radishes did not look good . and the lettuce was also questionable .,vist:test.story-in-sequence.json:story_47513
story_0236,story,VIST Story 47685,today we all gathered together to help clean the school outside . we shoveled up leaves and planted some soil for flowers in the summer . after we took a selfie . we were still in our coats because it was still cold . after all the parents chatted with some coffee .,vist:test.story-in-sequence.json:story_47685
story_0237,story,VIST Story 46187,"i drove into the enclosure , past the red lights on the chain link fence . there used to be old growth trees in this area . the organization organization destroyed the forests while strip mining . the company went bankrupt . the buildings were abandoned and closed off . some of the woods came back , ten years later .",vist:test.story-in-sequence.json:story_46187
story_0238,story,VIST Story 47004,for halloween this year we took the family to the local community center event . there were games set up for the kids to play . everyone was dressed up in their costumes . it was great seeing everyone looking so festive . the baby did n't make it long before he was tuckered out and ready to sleep .,vist:test.story-in-sequence.json:story_47004
story_0239,story,VIST Story 47382,"this is nico 's fish market . it is a small business . it has an outdoor diner and an indoor diner that includes a bar . the food is juicy and fresh and made by a great cook . if you get full on the entree , you can take your desert to go . it is a really nice place to have a meal .",vist:test.story-in-sequence.json:story_47382
story_0240,story,VIST Story 49110,we all went camping last night . we made some food while we were there . at night we stayed in our tent . in the morning we had to clean up . it took a while .,vist:test.story-in-sequence.json:story_49110
story_0241,story,VIST Story 46424,graduation day is upon us . we were part of the screen arts graduates there were so many people in attendence they even played a movie of all of our projects everyone was happy,vist:test.story-in-sequence.json:story_46424
story_0242,story,VIST Story 48333,he prepped himself before passing the puck the pass was good and he made a powerful shot he then was slammed against the glass in front of the opposing team the puck was now in the red teams possession he was all alone with his puck,vist:test.story-in-sequence.json:story_48333
story_0243,story,VIST Story 47510,i had a hard time deciding what to buy at the market today . there were many good deals to be had . i bought some small pumpkins . i also bought these old bananas . after that i went back home to eat .,vist:test.story-in-sequence.json:story_47510
story_0244,story,VIST Story 47441,organization organization organization fans come from all over the state to celebrate every year . hundreds of vendors sell everything you can think of people bring the strangest things to the celebration . [male] alligators and lots of other unusual things attract thousands of people . the local economy gets a big boost from all the visitors .,vist:test.story-in-sequence.json:story_47441
story_0245,story,VIST Story 48933,"he had to take birthday shots . lots of alcohol was on the plate . he started off with his first shot . later , he reached for the tequila . later on , he really started to feel the effects of alcohol .",vist:test.story-in-sequence.json:story_48933
story_0246,story,VIST Story 48485,"a storm was coming to the area . many people were making precautions . the city just sat there , not knowing what was coming . first , was a blast of snow that hit the area . it looked like a lightening strike . later , the snow covered the ground . the snow made it difficult to walk through the city . many people were ready to help out their neighbors and friends after the storm hit . though it was dangerous , it was beautiful too . the snow covered ground looked calm and peaceful .",vist:test.story-in-sequence.json:story_48485
story_0247,story,VIST Story 49013,a foreign country is always fun to visit . i could n't read most of the text . the lake had a lot of fish jumping in it . the boats sat there quietly . i received a nice package when i got back home .,vist:test.story-in-sequence.json:story_49013
story_0248,story,VIST Story 48749,ive got an interesting group of friends . they all think they belong in different time periods . so each weekend they get together and play dress up . i think the goal is to look like there from the 70s . but maybe its just to hang out .,vist:test.story-in-sequence.json:story_48749
story_0249,story,VIST Story 48958,the day of our family vacation finally arrived . we made out way down to the lake after leaving our belongings int eh lodge . there were a lot of other people out on the river . they really looked like they were having fun as well . after a good swim we headed back to the lodge to relax .,vist:test.story-in-sequence.json:story_48958
story_0250,story,VIST Story 11090,a beautiful winter evening . family was arriving for a pre-christmas get together . our youngest sang christmas carols at her piano . auntie read stories to her young nephew . the holiday season always brings families together .,vist:test.story-in-sequence.json:story_11090
story_0251,story,VIST Story 45936,"a perfect 4th of july begins with friends and family . and the most patriotic cake you can find , of course . it 's usually not difficult to find a person 's love for their country when american flag cake is involved . if that should fail , break out the fireworks . they 're sure to win anyone over .",vist:test.story-in-sequence.json:story_45936
story_0252,story,VIST Story 47803,"the family riding our bikes and getting exercise . look at us go , i hope i do n't wreck . the seals were on the beach getting some sun . some of the stayed in the water . they are going back to the water where they belong .",vist:test.story-in-sequence.json:story_47803
story_0253,story,VIST Story 48706,[male] and [female] were going for a hike in the woods . the flowers were in full bloom . their friend [female] was happy . they saw a lovely sunset . later they had some drinks and food .,vist:test.story-in-sequence.json:story_48706
story_0254,story,VIST Story 46215,"[male] is going to be leaving the state in a couple weeks , so his friends decided to throw him a going away party . [male] was extremely surprised and thrilled . his friends even made him a special cake for the occasion . after eating some cake , everybody went to the living room to have some drinks . all in all , the going away party was a success . everybody had a wonderful time .",vist:test.story-in-sequence.json:story_46215
story_0255,story,VIST Story 46472,"it was graduation night and the full moon that night looked beautiful . the room was packed ; i only spotted two empty seats . i spent a lot of time mingling with my peers . finally , it was my turn to give my graduation speech . by the end , balloons were released in celebration .",vist:test.story-in-sequence.json:story_46472
story_0256,story,VIST Story 47534,"when i first saw the tornado warning i did n't believe it . it was n't until i saw the tornado with my own two eyes that i was absolutely terrified . it only lasted for about five minutes but those five minutes felt like an hour . fortunately , the tornado did not do significant damage . but not long after the tornado the flooding started and our town was under siege again .",vist:test.story-in-sequence.json:story_47534
story_0257,story,VIST Story 49159,bring the trailer to the mountains getting ready to take a picture my daughter running down a snowpacked slope my daughter having fun on the slope the snow packed lanscape,vist:test.story-in-sequence.json:story_49159
story_0258,story,VIST Story 49358,last week i went on vacation . i had a great time diving and catching wildlife in the ocean . one of my friends brought their toddler along . we had a great time while we were there . afterward we went to do some sight-seeing .,vist:test.story-in-sequence.json:story_49358
story_0259,story,VIST Story 46499,"she walked to her seat , full of anticipation for the graduation ceremony . graduates took their seats and waited for the ceremony to begin . after the ceremony , she posed with her proud grandparents . she also posed with her other grandfather , who had traveled a long way for the occasion . finally , she posed with he boyfriend , who would graduate next year .",vist:test.story-in-sequence.json:story_46499
story_0260,story,VIST Story 45909,getting the restaurant ready for customers to come in . this is one of our best sellers . you really do n't get no food with this serving . the beef is amazing and you get more of it . dessert anyone ? look how small they are .,vist:test.story-in-sequence.json:story_45909
story_0261,story,VIST Story 49118,"the adults sit eagerly awaiting the meal to come . on the other side , the baby seems to be resting however there is noise . the noise awakens the child and he wants to eat . a boy looks on at the adult while eating his own meal . at the other end of the table , the host serves food and everyones is happy .",vist:test.story-in-sequence.json:story_49118
story_0262,story,VIST Story 46518,"the students arrived to the ceremony at organization . the students listened while the speaker gave a speech . the speaker presented before the group of students . some of the students received gifts at the conference . at the end , they all gathered for a group photo .",vist:test.story-in-sequence.json:story_46518
story_0263,story,VIST Story 49207,"the flowers had come into bloom . the squirrel was hungry , what would he eat ? he saw the purple plant . he decided to go with the yellow flower . oh no , he did n't notice his favorite plant , the red one .",vist:test.story-in-sequence.json:story_49207
story_0264,story,VIST Story 46755,halloween was fast approaching . the family decided to go to the location location location . jack-o-lanterns everywhere in beautiful and scary designs . some simple some intricate . they never saw so many pumpkins !,vist:test.story-in-sequence.json:story_46755
story_0265,story,VIST Story 47843,"i went to hati to help rebuild after the earthquake . i did n't realize how bad of shape it was until i got there . i met a nice family while working with the locals . ru and [male] , the families youngest were so sweet . and the father [male] helped me rebuild the homes .",vist:test.story-in-sequence.json:story_47843
story_0266,story,VIST Story 46106,everyone from the town gathered to attend the homeowner 's association meeting . [female] did n't agree with some of the proposals raised at the meeting . [male] was just thinking about going home to eat some pizza and watch tv . the presenters made a joke about pooper scoopers . [male] looked at his wife who arrived late to the meeting .,vist:test.story-in-sequence.json:story_46106
story_0267,story,VIST Story 49238,the ancient structure was taken over by the plants . a tree had taken root and grown very tall on top the building . another tree had knees with roots that covered the stone fence . moss was beginning to grow on the ancient wall . from the doorway you could see the plants on the other side .,vist:test.story-in-sequence.json:story_49238
story_0268,story,VIST Story 46515,they picked the winners for the scholarships today . many young people were chosen for them . they had a speaker congratulate them . everyone was so proud to receive their scholarship . the families were really happy and it was great seeing them together .,vist:test.story-in-sequence.json:story_46515
story_0269,story,VIST Story 48941,"[female] and some of her friends went on a bunch of blind dates on week . [female] 's first day was very unattractive but incredibly funny . [female] 's blind date looked like an anorexic serial killer . [female] 's date had social anxiety and would n't leave his house . [female] 's blind date was a down to earth guy , and she would eventually marry him .",vist:test.story-in-sequence.json:story_48941
story_0270,story,VIST Story 46723,my buddy and i are going to a beer festival . we are early and not too many people are here . the tasting room is set up . they are poring right from the kegs . that is the look of happiness on my face .,vist:test.story-in-sequence.json:story_46723
story_0271,story,VIST Story 46293,"this year 's dorm halloween party had a `` what does the fox say ? '' theme . i dressed in a fox hat . my friend talon found a great fox mask . [female] wore horns ! i think she thought foxes had horns . some people did n't stick to the theme , but they seemed to have fun anyway . i took a lot of pictures , sneaking around to get them and being sly as a fox .",vist:test.story-in-sequence.json:story_46293
story_0272,story,VIST Story 46907,"the children dressed up this years halloween party . we all got together and dressed up in our favorite costumes . the children got to play outside during the day . then , at night we all went inside for a spooky halloween ball . it was fun for the children and the parents , too !",vist:test.story-in-sequence.json:story_46907
story_0273,story,VIST Story 46803,"batman and [female] sitting outside with the kids . they are so happy with their outfits 2 batmans and 2 organization in this photo and a baby look son , you will grow up to protect the city of location from evil it 's getting late , halloween day was fun .",vist:test.story-in-sequence.json:story_46803
story_0274,story,VIST Story 46292,there was a costume contest today . some people dressed as animals this fox mask was cool . there was even a blonde reindeer drinking a beverage . two of the party goers said hi briefly and told each other they liked their costumes . the man that caught all the action was the photographer we hired to capture the event .,vist:test.story-in-sequence.json:story_46292
story_0275,story,VIST Story 48866,i made a special cake for my friend for his birthday . i invited everyone of our friends . it was very crowded in the small apartment . everyone enjoyed the cake . some people wanted seconds .,vist:test.story-in-sequence.json:story_48866
story_0276,story,VIST Story 47884,brothers bike riding in the mountain . exploring an abandon house . and discovering a hidden chamber . secret passage way to the beach . beautiful view of the beach at the end of the tunnel .,vist:test.story-in-sequence.json:story_47884
story_0277,story,VIST Story 48002,my wife and i went on a fun vacation together in location location . we saw a concert with a really great cover band . the guitarist really did an amazing job . it was like seeing the real band ! the whole band was amazing ! the concert got a little crazy . what happens in location stays in location !,vist:test.story-in-sequence.json:story_48002
story_0278,story,VIST Story 46251,"last week my best girlfriends took me out to teach me to play pool . here we are getting a drink while waiting on a table . here 's a shot someone snuck of me lining up on the cueball . another shot here , the ball i 'm trying to hit is right on the edge of the pocket at the opposite corner . later in the night , one of the girls decided she 'd make my shots harder . we had a great time !",vist:test.story-in-sequence.json:story_46251
story_0279,story,VIST Story 47306,this lady wants to look fashionable before she goes out . she goes on her motorcycle . she prepares to go to the race . she arrives at the race and changes into more appropriate clothing . other people are racing . they are trying to conserve their energy for the whole race . other people are also racing . they are trying to win .,vist:test.story-in-sequence.json:story_47306
story_0280,story,VIST Story 48317,i went down to the rally yesterday . it was right outside the courthouse . everyone was there . we were all standing up for our rights . the location location was nearby .,vist:test.story-in-sequence.json:story_48317
story_0281,story,VIST Story 45855,"need to have a snack before setting out to explore . what people go on vacation for , to buy buy buy . getting a little silly with the lime but it 's been a long day . one last picture of my day eating and shopping . what a funny monkey in his sunglasses , what some tourist wo n't do .",vist:test.story-in-sequence.json:story_45855
story_0282,story,VIST Story 47622,our train ride last weekend was amazing ! the dining cart was very elegant for a train . and the wine choices were incredible . i felt like royalty as we dines with the landscape rushing by out the window . before it was over i had a lady snap a picture of us but our attentions were drawn at the last minute and she took side views .,vist:test.story-in-sequence.json:story_47622
story_0283,story,VIST Story 48677,"the world gets greener the closer you get to a st. [male] 's day parade . unfortunately , i came unprepared , but i found a kind irish vendor willing to sell me every green article of clothing you can think of . green hats are the most common ! we enjoyed a most irish day , watching authentic irish dance in the streets . and last but not least , a young man playing a bagpipe !",vist:test.story-in-sequence.json:story_48677
story_0284,story,VIST Story 47898,the old building looked very important . on the inside was a few art exhibits . they were painted with extreme precision . a wing of the museum had amazing sculptures . a painting of a giant building inspired me to want to paint .,vist:test.story-in-sequence.json:story_47898
story_0285,story,VIST Story 48410,this man was making a spear using traditional methods . this woman was about to weave a basket out of reeds . this is what her basket is going to look like when she finishes . the locals grabbed all of the visitors and asked them to dance with them . this man is crafting some jewelry out of animal bones .,vist:test.story-in-sequence.json:story_48410
story_0286,story,VIST Story 47434,"they felt awe and gratitude looking at the mountain . although it was a grey day , they still had fun exploring the city . the market bustled with all kinds of people . they took a photo at a textured gum wall . then they bought some oranges and made fresh-squeezed orange juice back at the hotel .",vist:test.story-in-sequence.json:story_47434
story_0287,story,VIST Story 48400,it would be a great day on the water the friends got together on the boat they headed back to shore . the fish was cooked . they had a nice dinner with friends,vist:test.story-in-sequence.json:story_48400
story_0288,story,VIST Story 47507,"it was a beautiful day in the town . people gathered around to take part in , or watch different activities . men in white shirts displayed their talent and had a great time together . nearby people watched everything in awe and had a wonderful time . after it was over , everyone left to different parts of the town to enjoy the rest of the day .",vist:test.story-in-sequence.json:story_47507
story_0289,story,VIST Story 47595,the local bazaar opened today complete with yummy seafood . it was fun to browse the hand woven baskets . we looked through all of the colorful musical instruments . there is so much color here i felt i needed sunglasses ! bikers came for miles to be part of this event .,vist:test.story-in-sequence.json:story_47595
story_0290,story,VIST Story 46649,"the streets of location are very disorganized . however , inside the market , were beautiful displays of fruits and people . the meat market also had an interesting sight . here is the fish market with a wide variety of fish . lastly , we got to see cab drivers taking a break from their hard work .",vist:test.story-in-sequence.json:story_46649
story_0291,story,VIST Story 48387,"during the summer , the family decided to visit our family in location . we visited some relatives who live on a ranch . our relatives nourish donkeys who are ill . we took a few pictures of our relatives checking the animals . they do this weekly to make sure the donkeys are in good health . at the end of the day , we met a donkey that was more than 10 years old .",vist:test.story-in-sequence.json:story_48387
story_0292,story,VIST Story 47446,my favorite event of the year the annual technology show . absolutely everyone is there and organization always has a big crowd . the new hbd model glaxon 4 looks like an amazing toy - got ta get me one . of course the iphone always makes an impressive showing . now a new part of the show - new technology for my favorite toys - shiny cars !,vist:test.story-in-sequence.json:story_47446
story_0293,story,VIST Story 49374,went to the horse race and right away there was some excitement as a jockey lost control . the rider and his horse were okay but you could really see his dissapointment . during a race like this the obstacles make winners and losers . this rider was having trouble coming off the jump . this rider who lost control earlierin the race was still there at the end . i felt quite bad for him .,vist:test.story-in-sequence.json:story_49374
story_0294,story,VIST Story 46104,"two friends went downtown so they could watch their favorite band play live . there was food served to everyone that came out . there was also games to be played before the band came out to play . when the band finally did come out to play , the whole audience went crazy . alcohol was served and everyone had a good time .",vist:test.story-in-sequence.json:story_46104
story_0295,story,VIST Story 45995,at the celebration we went to there were many classic cars . these classic cars originated in the 1950s . there was also live music for us to enjoy . the kids had fun participating in a watermelon eating contest . some women were wearing silly mustaches .,vist:test.story-in-sequence.json:story_45995
story_0296,story,VIST Story 49006,christmas is my favorite time of year . we all gathered together to celebrate . uncle fez was memorialized with the planting of his tree . [male] was sad . we ate peanut butter brownies in his memory .,vist:test.story-in-sequence.json:story_49006
story_0297,story,VIST Story 46758,we decided to go all out with pumpkin carving this past halloween . this was suppose to turn out to be a tree . it turned out alright ! of course you have to have a basic scary face . the basic essential of all pumpkin carving designs . and you ca n't just have one ! we really had the halloween fever last year . the fun thing about carving is the unlimited designs you can do . from basic designs to ones with one eye and a lightning bolt for the other ... . i ca n't wait to carve again for this upcoming year .,vist:test.story-in-sequence.json:story_46758
story_0298,story,VIST Story 46710,"[male] and his friends were ready for halloween . little [male] dressed as a duck , which was his favorite animal . they moved through the neighborhood looking for houses to trick or treat at . they saw the perfect house and rang the doorbell . [male] was a little upset that they only gave him one piece . on to the next house .",vist:test.story-in-sequence.json:story_46710
story_0299,story,VIST Story 46364,[female] got to graduate from college . the rest of her life was ahead of her . no more staying in her favorite college town . she will miss the streets when they glowed in the morning . the sun will surely follow her for the rest of her journey .,vist:test.story-in-sequence.json:story_46364
story_0300,story,VIST Story 48882,"everyone is all dressed up nice to attend the festival . so many great shows this year , and talented entertainers . the rides are the best , no expense was spared . even a daring trapeze act to delight the crowd some just like to enjoy the great music .",vist:test.story-in-sequence.json:story_48882
story_0301,story,VIST Story 49482,the children played an intense game of soccer . they were both very eager to get ahead in the game . one boy played with his heart to score a goal . it was a great game and it was close . the goalie tried his best to stop them from scoring .,vist:test.story-in-sequence.json:story_49482
story_0302,story,VIST Story 49473,"the game began between the teams . the players had a fun time playing each other . the red team was in the lead , but the green team was fighting back . the left winger on the green team was determined to score a goal . the game was nearing the end and the red team looked victorious .",vist:test.story-in-sequence.json:story_49473
story_0303,story,VIST Story 47347,when i got to the end of the race i saw my entire family there supporting me . they made many signs for me . i am so happy they were there . they even bought me a dog . it was a great day .,vist:test.story-in-sequence.json:story_47347
story_0304,story,VIST Story 45632,"at the family gathering , some yard maintenance needs to get done . the family sits at the table inside to eat together . the dinner is steak , potatoes and a side dish . after dinner is story time and the kids listen closely . a nap is necessary after a long day .",vist:test.story-in-sequence.json:story_45632
story_0305,story,VIST Story 47623,we had a lovely dinner at a nearby winery this weekend . their dining room is in an antique railway car from the 40 's . the wine collection was sublime . the view of the vineyard added to the enjoyment if the meal . we met other couples and had a good time chatting with them through the meal .,vist:test.story-in-sequence.json:story_47623
story_0306,story,VIST Story 47524,i had a wonderful day with my family . we went out in the town . it was so much fun . at night i went out to the club with my friends . we danced all night long,vist:test.story-in-sequence.json:story_47524
story_0307,story,VIST Story 49512,the school held a pep rally before the homecoming game . the dance squad 's performance included high kicks . the band also played at the pep rally . the cheerleaders were also there to motivate the crowd . the coach spoke at the pep rally and predicted that the team would win the homecoming game .,vist:test.story-in-sequence.json:story_49512
story_0308,story,VIST Story 48871,"the sky was so blue that day , we knew it would be beautiful out . everyone had set up their tents the night before and were waiting . then , one by one they came to the stages . the stage was crowded around by so many people . the bands were so amazing to see live .",vist:test.story-in-sequence.json:story_48871
story_0309,story,VIST Story 48215,everyone came out for the art display there were so many different exhibits we were given a tour by the woman in charge her favorite were these collection of prints we all then had our picture taken outside as we stared at the beauty,vist:test.story-in-sequence.json:story_48215
story_0310,story,VIST Story 49056,this is my friend . he invited me to go to a concert with him . i am so excited to be going to a concert ! the band is playing . i love this band ! they are the best . i am so excited to be here ! what a great concert ! i am having such a good time . i 'm so glad i was able to come !,vist:test.story-in-sequence.json:story_49056
story_0311,story,VIST Story 48486,a rainy day with a convey of trucks waiting to unload . the man checks in the truck making sure all is correct . the truck driver and checker chat outside . a picture of the drivers and checkers . another truck waiting to be unloaded .,vist:test.story-in-sequence.json:story_48486
story_0312,story,VIST Story 46993,the giant m & m costume was a treat and there were many beautiful ladies . he had to take a break though and others took photos while the pretty lady danced .,vist:test.story-in-sequence.json:story_46993
story_0313,story,VIST Story 49283,fall is my favorite season . i love how pretty the leaves are . it is a great time to walk through the forest . so many leaves have already fallen . i love seeing the trees from my house . i love this season !,vist:test.story-in-sequence.json:story_49283
story_0314,story,VIST Story 46296,"[male] and [female] are sitting on top of the fridge at the party . since it 's a nice day , there are many people in the yard at the party . the dj is playing music for the party guests . [male] is playing a joke on [female] at the party . when the party is over , people are gathered outside to say goodbye .",vist:test.story-in-sequence.json:story_46296
story_0315,story,VIST Story 49441,"this club has many activities , such as swimming . they also ride bicycles . running is also on offer . this is the fitness club . the club is financed by payments from its members .",vist:test.story-in-sequence.json:story_49441
story_0316,story,VIST Story 47781,"[male] arrived with the salmon and steaks . he got right to work on grilling everything just right . the kids sat in the driveway slurping icees and playing games . [female] decide to be a little frisky for the camera . [male] seemed to have gotten into the ice cream , a fact which he solemnly denied .",vist:test.story-in-sequence.json:story_47781
story_0317,story,VIST Story 47956,i went to [female] 's party last night and it was a mess . everyone was wearing the weirdest clothing . so many people were drunk . i took a picture will shelly and left . i went home and had a relaxing time with my sister .,vist:test.story-in-sequence.json:story_47956
story_0318,story,VIST Story 48373,"these girls are looking forward to a day the park . stretched out in the sunshine for little relaxation , well deserved . the girls engage in a little wrestling match , all in good fun . she does a little stretching to loosen up . the girls compare biceps to see who has the bigger muscles .",vist:test.story-in-sequence.json:story_48373
story_0319,story,VIST Story 49172,"us and our close friends at a botanical garden . there was a beautiful waterfall that we could see up close . next we saw the flowers , this pink one was an all around favorite . this rose was also a close second favorite . lastly we watched the fish in the koi pond .",vist:test.story-in-sequence.json:story_49172
story_0320,story,VIST Story 45702,everybody 's packed for the trip . kids are in the car and ready to go . we dropped the rental off and [male] got a picture next to the car . [male] asked us if this was our plane . we spent the night in the hotel after a long day of travel .,vist:test.story-in-sequence.json:story_45702
story_0321,story,VIST Story 48248,we were on location location . this board advertised a business . we got to see a fire station along the way . the walls were covered with bricks . it was the organization organization organization organization organization .,vist:test.story-in-sequence.json:story_48248
story_0322,story,VIST Story 45801,participating in the st. [male] 's day dash run . [male] weinhard 's st. [male] day dash running number . the race is about to start the live band is playing . the runners are running through the tunnel . and now the runners are running through the bridge .,vist:test.story-in-sequence.json:story_45801
story_0323,story,VIST Story 48476,[male] and [female] went for a hike . they cam across a nature photographer . the photographer asked jill to pose for him . so she did in a house . and she also also posed outside .,vist:test.story-in-sequence.json:story_48476
story_0324,story,VIST Story 47406,it is time to go to the market and see what is for sale . there are pots of spices in the market . here is a huge bowl of saffron ! there are people that sell home made goods . here is some home made syrup for sale .,vist:test.story-in-sequence.json:story_47406
story_0325,story,VIST Story 47194,"i took my wife to couple 's support group . we discussed our communication difficulties with other couples . a therapist helped us to learn techniques . afterwards , we went out to eat with our daughter . she had bought us a flower arrangement , which was nice of her .",vist:test.story-in-sequence.json:story_47194
story_0326,story,VIST Story 47052,"the local armory is now part museum . it houses old cannons and relics from previous wars . inside , there are pictures of more modern combat . it also houses many guns and weapons , to show the technological advancement . usually , it is very quiet outside . but you can always find at least one or two veterans who return and sit outside , just remember their days at war .",vist:test.story-in-sequence.json:story_47052
story_0327,story,VIST Story 45830,here is [male] on the deck of the ship . these guys look so handsome with their uniform and smiling faces . everytime i look at this view of the sea i am glad to be part of the organization organization . here i am telling [male] about our schedule for the day . this symbols makes me so glad to be part of the organization organization .,vist:test.story-in-sequence.json:story_45830
story_0328,story,VIST Story 45624,the water was calm near the shore . the people laughed at the window and then they laid out .,vist:test.story-in-sequence.json:story_45624
story_0329,story,VIST Story 48496,a fun event was planned for the evening . this little kid is helping out with the saw . these kids are learning all about how to make stuff out of wood . a real hands on experience is being given to the children . after the work is done they sit down and listen to the teacher teach them more about how to make stuff out of wood .,vist:test.story-in-sequence.json:story_48496
story_0330,story,VIST Story 46970,"we come together with friends and family to prepare the pumpkins . once all the pumpkins are picked by size and shape , we start to clean them out . all pumpkins placed on the table with so many different looks . we gather in the beginning and party at the end . what a harvest at halloween .",vist:test.story-in-sequence.json:story_46970
story_0331,story,VIST Story 47672,it was a beautiful day in sunny location . a perfect day to head out to a gay pride parade . everyone was happily displaying their signs as they marched . everyone was marching for equal rights . it was a perfect day and a peaceful march .,vist:test.story-in-sequence.json:story_47672
story_0332,story,VIST Story 48424,"it was an emotional moment when the soldiers came home to their family . many fathers were greeted by their children , of whom they had n't seen in over a yeaar . one soldier even came home to a surprise , a baby boy ! it was n't all boys at this reunion either , as a little girl gave her father a hug . the soldiers had quite a bit of luggage to bring home and some were happy to help .",vist:test.story-in-sequence.json:story_48424
story_0333,story,VIST Story 49397,"our family gathered together for a formal event . we invited some business partners to give a chat . my older neighbors came to pray with us . one of the men brought a bible and some wine . eventually , it was really crowded in my living room .",vist:test.story-in-sequence.json:story_49397
story_0334,story,VIST Story 46204,tonight the college friends decided to have a fun get together . this time the men were cooking good home cooked meals . there were dished filled with chicken and delicious sauces and broths with vegetables . the food was like home and inspired by what mom used to make when they were young . the boys ended the evening playing the acoustic guitar and singing .,vist:test.story-in-sequence.json:story_46204
story_0335,story,VIST Story 49043,"my friend and i were excited to arrive at the venue for a fun night of experimental music . a man dressed in a tuxedo met us as we walked in and led us to our seats . on the way , we passed a man with a mask who reminded us to take water with us . the view of the sound system from our seats was pretty interesting . at one point we even got to go backstage for a close up view of the instruments and a view of the audience .",vist:test.story-in-sequence.json:story_49043
story_0336,story,VIST Story 47307,decked out in my leathers and ready to ride . great pic of me on my bike . at the start of the race i 'm ready go . keeping pace with the person aside me . jogging toward the finish line .,vist:test.story-in-sequence.json:story_47307
story_0337,story,VIST Story 48224,"[male] and [male] are at the airport . they are waiting to board and want to get their food . they finally land and go straight to sight seeing . they explore the city , hoping to find something cool . they come across a fun little park with lots of sculptures , this is just what they wanted to see .",vist:test.story-in-sequence.json:story_48224
story_0338,story,VIST Story 47767,"today we 're having our annual high school parade . everyone will attend , this is the boy scouts alumni . here comes our high school band , best in town . these are our famous drummers , they are very good . here are our speakers for this years parade .",vist:test.story-in-sequence.json:story_47767
story_0339,story,VIST Story 45933,"the dog posed proudly in the women loved her dogs , and she made sure to show them that through hugs . the fireworks were all different colors . the fireworks were a great sight to see . the women was happy to receive kisses from her dog .",vist:test.story-in-sequence.json:story_45933
story_0340,story,VIST Story 46177,there was an opportunity for the family to get photos together . here we are all together . this picture shows the siblings and their spouses . the two eldest in the group are here with each other . this is the younger generation of cousins . we were able to get one of just the four of us .,vist:test.story-in-sequence.json:story_46177
story_0341,story,VIST Story 47628,"not much has changed in this charming city . the buildings are old . there are old-fashioned phone booths still hanging around . the markets are set up in an old fashioned way . they sell fresh fruits and vegetables . yet , there are still modern-looking areas of the city .",vist:test.story-in-sequence.json:story_47628
story_0342,story,VIST Story 46166,there was a cube in the cemetery . so we went home instead . where we proceeded to open our mouths . then we took a better picture . i think i drove her away .,vist:test.story-in-sequence.json:story_46166
story_0343,story,VIST Story 46469,"after many years , i finally graduated from college . i watched my peers shake many hands on their way to accept their diplomas . eventually , it was my turn to do the same . we all hung out afterwards , it was a great time . i met some more of my peers at this column at the organization organization .",vist:test.story-in-sequence.json:story_46469
story_0344,story,VIST Story 45587,we were on a road trip . we stopped by the pueblo . then we went to zuni . we snapped a pic of this . after a long time of driving we had to stop at a cafe to get something to eat .,vist:test.story-in-sequence.json:story_45587
story_0345,story,VIST Story 49164,we took a walk through a bird park this afternoon . there were woodpeckers . we even saw many bird 's nest around . the mountains were lively with water falls . we saw many cool looking insects like this buttlerfly .,vist:test.story-in-sequence.json:story_49164
story_0346,story,VIST Story 45831,"here are all my friends at the navy seal . our ship is where we spend most of our time , obviously . [female] is one of the meanest people there . our ship is clean and orderly . these ladies like to give me a hard but the truth is i 'm in love with one of them .",vist:test.story-in-sequence.json:story_45831
story_0347,story,VIST Story 48980,"at last it was time for paint party 2005 . [male] draw outlines of some creatures to paint on the otherwise boring wall . unicorns made an appearance among the other mythical creatures that began to grace the walls that day . even the toilet became part of the art . afterward , there was a well deserved rest for all .",vist:test.story-in-sequence.json:story_48980
story_0348,story,VIST Story 46332,"the game environment seemed mostly normal at first . it then became surreal and interesting . many people were walking around , ignoring the odd disks in the sky . a show was on the screen , but not everyone was paying attention . the visuals on the screen changed , but many were too busy having fun .",vist:test.story-in-sequence.json:story_46332
story_0349,story,VIST Story 48607,these fellows are organizing the demonstration . the participants don their vests . the demonstration is peaceful . the word is being spread to passers by . the demonstration os over and the participants return home .,vist:test.story-in-sequence.json:story_48607
story_0350,story,VIST Story 47358,i practiced playing my guitar for hours before i had to leave for the performance . when i got there my band was already setting up . everyone was there to see us . i set it up and they watched us play . we were very good and everyone gave us cigarettes afterward .,vist:test.story-in-sequence.json:story_47358
story_0351,story,VIST Story 46026,we went to a small town in location to met the people . they were very friendly and welcoming . they offered us the best ice cream . the souvenirs were just amazing . my son was very happy with his elephant .,vist:test.story-in-sequence.json:story_46026
story_0352,story,VIST Story 46434,graduation had finally arrived . all three friends were graduating the same day . he had worked hard for his diploma . his girlfriend had bought him flowers ! he thought he would take off for the summer and just relax for a little while .,vist:test.story-in-sequence.json:story_46434
story_0353,story,VIST Story 45590,when we finally brought our son home from the hospital so many people were at home with us to see him . everyone wanted a chance to hold him ! we were all so happy to have a new addition to the family . my parents were so proud to be grand parents ! i am so happy and i love my son very much !,vist:test.story-in-sequence.json:story_45590
story_0354,story,VIST Story 41585,today was a ceremony for the junior hockey league . i received an award for my performance . all of us together after the ceremony . at home showing my award to friends and family . everyone was really proud of me today .,vist:test.story-in-sequence.json:story_41585
story_0355,story,VIST Story 47821,the reception was a lot of fun today ! we ate a lot of fruit and snacks ! the girls danced in the gazebo and looked very pretty in their dresses . we took some family photos to show the beautiful day ! the smile on her face captured the wedding day perfect !,vist:test.story-in-sequence.json:story_47821
story_0356,story,VIST Story 45972,"it was a beautiful day , and the family decided to hang out by the pool . even baby [female] was excited to enjoy the sunlight . but , grandma [female] found a shady spot -- she claims she does n't like the heat . everyone had a wonderful time swimming in the pool and enjoying the day . but , [male] and [male] , who would have rather played ball than swim with us .",vist:test.story-in-sequence.json:story_45972
story_0357,story,VIST Story 49031,all of her gifts were on the table . they were anxious for her to open them but she was still texting . after everyone had arrived she opened each gift and thanked everyone graciously . her mom and dad were very proud of her . her brother joked that he did n't think she 'd ever graduate .,vist:test.story-in-sequence.json:story_49031
story_0358,story,VIST Story 49168,"[male] loved going to the lake . he just loved the scenery . it was beautiful and romantic . he loved the beautiful trees , and the way the water in the lake flowed . he loved walking under the underpass and playing with the mistletoes that drooped from above over his head . he most of all loved going to the lake with his boyfriend [male] . [male] and [male] would spend hours at a time there . after they 'd look at all the beautiful sights to see , they 'd lay down in the grass and talk about their life together .",vist:test.story-in-sequence.json:story_49168
story_0359,story,VIST Story 45653,"the stadium was packed with people on the day of the game . son and father alike , watched the players triumph over the other team . they went all day , vying for the win . after the game , they got to run down onto the field , and see the place through the player 's eyes . they both had a great time , and were glad they came .",vist:test.story-in-sequence.json:story_45653
story_0360,story,VIST Story 45973,"our family stayed in a resort that had a large swimming pool . while everyone else was busy doing all kinds of activities , the baby spent a lot of time sleeping . mom sat down watching the kids playing . some members of our family hang out at the pool . the boys played basket ball and had a lot of fun . we promised the children that we would return to this resort next summer .",vist:test.story-in-sequence.json:story_45973
story_0361,story,VIST Story 46392,the students went out to the stage to receive their diplomas . the students said their final goodbyes to their friends . the dean of the school left the stage when he was done speaking . then the students went outside to get their photo taken . after that people began to leave the graduation .,vist:test.story-in-sequence.json:story_46392
story_0362,story,VIST Story 48402,we went sailing last weekend we the boys . it was peaceful on the lake . we enjoyed our hotdogs made below deck and partied all through the night .,vist:test.story-in-sequence.json:story_48402
story_0363,story,VIST Story 47497,there is something about a small farm that i like . fields of corn and a nice small birdhouse . the local market has some great looking food . a statue to watch over the town . i like these arched windows .,vist:test.story-in-sequence.json:story_47497
story_0364,story,VIST Story 46234,the raod trip would n't last much longer and we would soon be at the festival/ they had local artist from all over exhibit their trades . we stood watching them craft for a while . the crowds began to grown in wonder at what they were making . at the end of the night many people became friends because of the festival crafters .,vist:test.story-in-sequence.json:story_46234
story_0365,story,VIST Story 47900,today was the day of the polar plunge for charity ! the water was so cold it had ice in parts of it . tons of people came out to take the plunge . everyone 's ready to run into the water . the water was so freezing !,vist:test.story-in-sequence.json:story_47900
story_0366,story,VIST Story 46326,"today i got to ride horses . my friends also rode them with me . i nicknamed this guy seabiscuit . it is so much fun to ride horses , they go so fast . i ca n't wait to do this again next year .",vist:test.story-in-sequence.json:story_46326
story_0367,story,VIST Story 46080,"the streets were empty early in the morning . our group began to gather along the roadway . it was rainy day , but some people did n't mind the bad weather . people took pictures of us as we marched past . finally we made it to the capital building .",vist:test.story-in-sequence.json:story_46080
story_0368,story,VIST Story 46336,"we graduated from our college last week . the dean first made a speech about success . then they called us in to line up for accepting our diplomas . they called my name , and i went up . after everyone had their diplomas , we all gathered with our family and friends for hugs and photographs . finally , we all left to celebrate !",vist:test.story-in-sequence.json:story_46336
story_0369,story,VIST Story 49148,"[female] and i decided to join the neighborhood friends of trees club . on a rainy day , we went out with the club and dug holes for trees . it was a lot of work , as the holes had to be quite deep . planting our first tree was exciting ! the club took our picture , as is their tradition . whenever we see the tree we planted , we feel pretty excited !",vist:test.story-in-sequence.json:story_49148
story_0370,story,VIST Story 47662,i had to go to the grocery store yesterday to buy some food . they had a lot of items on the shelves . i had a great time laughing with the employees . it was all very cheap . afterward i went to buy some beer .,vist:test.story-in-sequence.json:story_47662
story_0371,story,VIST Story 45589,"a group of friends decided to take a road trip through location location . they stopped in a town called location . it was n't very lively out , despite being friday night . they walked around looking for a place to eat . they finally found an open cafe and had some mexican-american grub .",vist:test.story-in-sequence.json:story_45589
story_0372,story,VIST Story 46016,while on our way home from shopping we were stopped by a police roadblock . suddenly a white car going about 100 miles an hour zips right past the roadblock . a motorcycle cop was in hot pursuit of the white car . all the police cars except the one blocking the road went racing after the white car . when shots started flying between the cops and the car we left our car and got as far away as we could to watch at a safe distance .,vist:test.story-in-sequence.json:story_46016
story_0373,story,VIST Story 48343,a quick view of our home shows our computer from the top . we are in the middle of eating our meal . this is my husband 's plate . this is our computer from the front . it looks like we need our wall patched up .,vist:test.story-in-sequence.json:story_48343
story_0374,story,VIST Story 46275,we had a birthday party . it was at a local restaurant . lots of people came . we had cake too . it was a great time .,vist:test.story-in-sequence.json:story_46275
story_0375,story,VIST Story 48964,"this group is practicing for the big concert . they women with white glasses is presenting herself by having a good time . this band member practicing his keyboard performance . this band member also practicing for the concert . this band member presenting is two son , both dress in red and blue .",vist:test.story-in-sequence.json:story_48964
story_0376,story,VIST Story 46809,"the perfect location was chosen for the halloween party . the inside lighting was also perfect and sinister . everything was set up perfectly , even the coat racks . the food and decoration stayed on theme . and even looked completely horrific at times .",vist:test.story-in-sequence.json:story_46809
story_0377,story,VIST Story 46927,"taking pictures of people at the party , friends play around with there costumes and play around while taking the pictures then more pictures are taken while they play around and now the last one of someone else playing around with the girl and her costume",vist:test.story-in-sequence.json:story_46927
story_0378,story,VIST Story 47611,it is very early in the morning . jin is cleaning the open air market grounds . soon the sellers will be arriving . the sellers arrive on motorcycle and bicycle carts with fresh produce and meats to sell . melons will be a popular item for sale today . the sellers take time to array the items for sale in a decorative manner . soon the customers will arrive and the market will be busy .,vist:test.story-in-sequence.json:story_47611
story_0379,story,VIST Story 45903,the fair was in town so we decided to go . took a picture of the ferris wheel that we would be riding on later . [male] was having fun on the merry go round . he was all smiles . the giant wheel that we rode earlier looks fantastic all lit up at night . what better way to end a fair day then by a spectacular fireworks show .,vist:test.story-in-sequence.json:story_45903
story_0380,story,VIST Story 48157,i hopped in my bus last thursday to being work . there was a field trip today so i had to work extra . i took the bus across the bridge and we all went the pier . everybody had a good time there . the water was so bright and we could see the city in the distance .,vist:test.story-in-sequence.json:story_48157
story_0381,story,VIST Story 45561,he wanted to take a ride on his new bike . we went on a nice ride out to the lake . we really enjoyed the beautiful view from the dock . it was very peaceful watching the boats . we had such a busy day he needed a nap .,vist:test.story-in-sequence.json:story_45561
story_0382,story,VIST Story 47734,the students gathered to listen to the presenters give lectures . there was several presenters on hand to speak . they spoke to the crowd with new ideas . the students listened with interest . some of the students took notes as the presenters spoke .,vist:test.story-in-sequence.json:story_47734
story_0383,story,VIST Story 45812,"today [male] and i got to watch the kids karate recital . this kid was very impressive , i do n't know how he made it through that board but watching it break in half made even my hand hurt ! our sweet [female] did n't have as good of a show to put on..so she kicked the air a few times [male] did great , we 're so proud of him ! a few moments after this he kicked that little girl right in the head , good times . the recital ended with each kid getting trophies , thank goodness because [female] would n't have walked away with anything for those embarrassing kicks .",vist:test.story-in-sequence.json:story_45812
story_0384,story,VIST Story 46831,"the mom took her kids to the halloween celebration at the local elementary school . there were fun craft stations set up where the kids could take part in a hands-on activity . many of the little girls had dressed up as princesses . some of the boys had chose super hero costumes . there was fun stuff for everyone to do , even the littlest of people .",vist:test.story-in-sequence.json:story_46831
story_0385,story,VIST Story 48263,they parked and got ready to be bored out of their minds . the lecture ended up being interesting . someone had to get a replacement marker for the dry erase board . a man 's stomach was growling so loudly everyone could hear it . they wished it was cat videos instead of powerpoint .,vist:test.story-in-sequence.json:story_48263
story_0386,story,VIST Story 46366,the man had gotten his diploma . the friends took a picture together . he got a picture by himself . he got a picture with his friends again . he stopped a moment to take his cap off .,vist:test.story-in-sequence.json:story_46366
story_0387,story,VIST Story 46788,"halloween was not that interesting for her , so she did n't bother dressing up . she borrowed a karate costume to celebrate , and loved wearing it to work . she always wanted to be a kitty , and here was her chance ! their costumes made them feel like they could be anything they wanted to be . she felt a little odd wearing a hat at work , but she 'd always wanted to be a cowgirl !",vist:test.story-in-sequence.json:story_46788
story_0388,story,VIST Story 45894,"[male] lost many friends in the war , and he was feeling particularly humbled at being asked to attend this meeting regarding the building of the monument . five weeks later at the ground breaking ceremony , [male] was the first to lift the dirt . a contractor showed him what the finished monument would look like , and [male] was thrilled by it 's beauty . a year later , [male] and his children visited the monument to find the names of his lost friends . they spent the remainder of the afternoon in the observation room , watching with delight as the crowd filed passed the new monument .",vist:test.story-in-sequence.json:story_45894
story_0389,story,VIST Story 47082,mom and dad are so proud of their baby girl . all the siblings were asked to get together and take a picture . even mom got a great shot of her son here . all the friends got together and shared in on the fun . [male] and queen they are crowned .,vist:test.story-in-sequence.json:story_47082
story_0390,story,VIST Story 49143,cat begging for food on the sidewalk . taking a quick breakfast before going out . going on a boat ride in the need by island . going mountain bike riding with family and friends . quick lunch after going bike riding .,vist:test.story-in-sequence.json:story_49143
story_0391,story,VIST Story 46237,the yearly family reunion always had the best food . while nana got everything set up for lunch the kids loved playing with bubbles . this year we got them a bubble machine . the adults had some fun of their own . uncle [male] always made fun of the beer cooler . when the bubbles were gone we had to find something else to entertain the kids .,vist:test.story-in-sequence.json:story_46237
story_0392,story,VIST Story 47251,i wanted to visit the country side for the weekend . it was so pretty and full of nature . the flowers were in full bloom . this is the house we stayed in and tucked away with nature . they even had a pond to go swimming in .,vist:test.story-in-sequence.json:story_47251
story_0393,story,VIST Story 46832,"for halloween , my daughter 's school had a big costume party . my daughter insisted on going as a princess . her friends went in various costumes , including a candy corn . one of the littlest boys chose to be captain location . still other kids chose to be witches .",vist:test.story-in-sequence.json:story_46832
story_0394,story,VIST Story 49278,"we passed a small waterfall small and natural structures were around the lake . every little ways we would come up to another waterfall . then , hidden away was a tiny mill . we followed the dried up stream that used to feed it .",vist:test.story-in-sequence.json:story_49278
story_0395,story,VIST Story 49440,"we went to watch the sumo wrestlers yesterday . they would all hunker down and watch each other wrestle . there was a referee that made sure no one did anything illegal . some of the matches took a long time . but in the end , there was only one winner .",vist:test.story-in-sequence.json:story_49440
story_0396,story,VIST Story 47574,"yet another visit to the local farmers market lots of different selections here , does not help my diet this is where the sweets are sold an old horse drawn carriage bring the nostalgia city lights at night time looking fabulous",vist:test.story-in-sequence.json:story_47574
story_0397,story,VIST Story 46162,we decided to tour a historical cemetery . some of the headstones were beyond repair . the monuments were interesting to look at . some almost looked like buildings . it was an unusual experience .,vist:test.story-in-sequence.json:story_46162
story_0398,story,VIST Story 45741,we arrived at nana 's house around noon . the dog was the first one to greet us at the door . the kids went into to play in the murky dirty pool . one of them got sick and we had to run to the car and take them to the hospital . the problem was that we were in the middle of nowhere and had to drive to the next town .,vist:test.story-in-sequence.json:story_45741
story_0399,story,VIST Story 45619,i went down to the beach last weekend . there was a big fire there . the storm clouds were also coming in . i spent some time at the beach . after a few hours i left to go home .,vist:test.story-in-sequence.json:story_45619
story_0400,story,VIST Story 47184,"i went to the park yesterday to read a new book about architectural design . most the homes in my neighborhood , like this one , are kind of mundane . i do appreciate homes with spacious , covered porches . there are , of course , exceptions , as this is one of the nicest homes i have ever seen . however , my favorite house in the neighborhood is undoubtedly this one .",vist:test.story-in-sequence.json:story_47184
story_0401,story,VIST Story 49080,matza balls are cooking in preparation for the jewish celebration . some type of green bean vegetables are a compliment . some delicious meat will compliment the other foods . in honor of the jewish event we have a star of david garnish art . the girl has made a passover pillow to honor the traditions .,vist:test.story-in-sequence.json:story_49080
story_0402,story,VIST Story 46474,a full moon hangs over the graduation ceremony . the venue is packed with friends and relatives of the graduates at the ceremony . graduates file in and prepare for their graduation ceremony . staff members await a graduate to hand him his diploma . balloons are released at the commencement of the ceremony .,vist:test.story-in-sequence.json:story_46474
story_0403,story,VIST Story 49157,dan wanted to take his daughter to the desert she had such a fun time going down the hills dan took lots and lots pictures he was loving the scenery around and they headed back home,vist:test.story-in-sequence.json:story_49157
story_0404,story,VIST Story 46513,the entire class was happy to graduate . the ones in the red were going to graduate the year after . people could wear whatever shoes they wanted at the ceremony . the faculty looked proud to be affiliated with the school . [male] is the school photographer and we bought some of his photos .,vist:test.story-in-sequence.json:story_46513
story_0405,story,VIST Story 48775,"everybody was excited about the concert . the venue was crowded with people . there were even booths set up to buy food . when the singer come out , everybody cheered . the performer was so happy to see his fans , so he smiled brightly .",vist:test.story-in-sequence.json:story_48775
story_0406,story,VIST Story 49226,we go to a park . it is so nice . this lady admires the view . it is so green . she thinks twice about stepping on the plant . she wants to be careful . there is another tree growing near the scene . it is very beautiful . this lady wants to remember this moment forever . she takes a photo next to the tree .,vist:test.story-in-sequence.json:story_49226
story_0407,story,VIST Story 47364,the building was looking very nice when the canal boat took off . the people saw an alley too before going back to the square and visiting the market .,vist:test.story-in-sequence.json:story_47364
story_0408,story,VIST Story 48007,my family and i took a vacation to a cabin by the lake for a long weekend . we enjoyed the peace and quiet away from the city . we had a campfire and roasted marshmallows . we let off some ground fireworks . then we ended the night with some fireworks bright into the sky .,vist:test.story-in-sequence.json:story_48007
story_0409,story,VIST Story 46925,"i finally arrived at my friend 's halloween party . everyone was already there and it seemed i was late . we had many drinks that night . people were starting to get drunk . i , myself , was feeling tipsy and decided to take a seat .",vist:test.story-in-sequence.json:story_46925
story_0410,story,VIST Story 46881,"ahh halloween , first we sent the kids out with grandma . then the real fun began . my wife and i had a fun sword fight . my brother was making a weird alcoholic brew . and my wife 's brother was doing smoke tricks in the kitchen . what a fun and crazy halloween party we had .",vist:test.story-in-sequence.json:story_46881
story_0411,story,VIST Story 45754,"the kids banded together to make a train out of wood . everyone used proper safety precautions . the kids were allowed to decorate the inside 's of their cars . this made for a great father/son activity . when it was all done , the kids got to ride the train . choo choo !",vist:test.story-in-sequence.json:story_45754
story_0412,story,VIST Story 46249,the boy is deciding whether to take a swim . he decides to dive in the water . she is wading around in the cool water . they notice someone with a camera taking their picture . the girls have a stick fight to decide who gets the boy .,vist:test.story-in-sequence.json:story_46249
story_0413,story,VIST Story 49105,i sat at the table waiting for everyone to finish making the food for me . i had my friend come and light some candles . they also made me some drinks . i did some reading while i waited . i was starving when they finally brought the food .,vist:test.story-in-sequence.json:story_49105
story_0414,story,VIST Story 46335,"its graduation day and the dean is speaking . i had a fancy mortar board . i did it , i graduated ! i was so happy . and so were my parents .",vist:test.story-in-sequence.json:story_46335
story_0415,story,VIST Story 46815,"there were a lot of people at the halloween party yesterday . some of the makeup looked very real . i met a lot of interesting people there . some of them wanted me to give them my phone number . after a while it got late and i left , but everyone was still having a great time .",vist:test.story-in-sequence.json:story_46815
story_0416,story,VIST Story 46844,the halloween party started off with the host presenting himself as a horse . for desert there were amazing and delicious chocolate cupcakes served . there were also a modeling costume runway where one model shows her amazing makeup and attire . continuing with the party was a great shadow dance by the model . everyone had fun and enjoyed the halloween party .,vist:test.story-in-sequence.json:story_46844
story_0417,story,VIST Story 48754,it was the fight of the festival and what way to start it off then my drinking . we played various drinking games with our friends . by the end of it we were pretty drunk . some of us did n't really come out of it to well . after sobering up we went on to other festival activities .,vist:test.story-in-sequence.json:story_48754
story_0418,story,VIST Story 46041,"on their way to the cemetery . following the casket . carrying the casket , for a final farewell . the lady is inconsolable after the tragic loss of her friend . putting the casket six feet under .",vist:test.story-in-sequence.json:story_46041
story_0419,story,VIST Story 46568,graduation at the university was quite the affair . the speakers there were held in high esteem . they were lively and motivating . they spoke powerful and inspired . everyone cheered after .,vist:test.story-in-sequence.json:story_46568
story_0420,story,VIST Story 46722,"our friend opened a brewery in our city . the brewery features a variety of beers . many guests gathered to try some of the beers outside the brewery . a local newscaster visited the brewery . at the end of the day , more guests than anticipated arrived .",vist:test.story-in-sequence.json:story_46722
story_0421,story,VIST Story 48276,birds have a very social life this bird is looking for a friend but is n't having much luck today but just as he was about to give up ... another bird flew over,vist:test.story-in-sequence.json:story_48276
story_0422,story,VIST Story 48165,the day began with a conversation in the hallway . the office was very laid back . our secretary made most of the calls . the boss was happy to be there too . we drew a diagram as a department .,vist:test.story-in-sequence.json:story_48165
story_0423,story,VIST Story 47034,the national newspaper museum contains a great many famous articles . this includes pieces written from the start of wwii . famous writings from many historical periods make up the collection . a visitor is invited to view and read these pieces as they originally appeared . it is a worthy destination for any lover of history or newspapers .,vist:test.story-in-sequence.json:story_47034
story_0424,story,VIST Story 48012,"a party was getting underway , with somebody picking up a guitar and playing a song . now a friend has joined in and is playing music at the party . one more friend has gotten in on the act and is singing along with her friends ' guitar playing . other guests are enjoying the performance . afterwards , everyone gathered around the television to watch a show .",vist:test.story-in-sequence.json:story_48012
story_0425,story,VIST Story 48758,this is a sign of a socialist . this is a sign of the g8 summit . this is a picture of a sign . this is a picture of a protest . this is a picture of a socialist movement .,vist:test.story-in-sequence.json:story_48758
story_0426,story,VIST Story 46587,eleni was very proud to be graduating . her family gathered to celebrate . they were also proud of her achievement . everyone enjoyed themselves while celebrating with her . the delicious graduation cake was the perfect end to a fun event .,vist:test.story-in-sequence.json:story_46587
story_0427,story,VIST Story 47160,"we arrived on site and [male] met us at the garden . he would be our tour guide , along with his fancy hat . he took us around the beautiful grounds ... and , continued through the garden ... and , then we saw it . the beautiful church at the end of the rainbow .",vist:test.story-in-sequence.json:story_47160
story_0428,story,VIST Story 46500,"today , the whole school came together for a school performance . the stage was beautifully decorated for this performance . one of the classes sang a song . other students had artwork displayed . afterwards , the students enjoyed some snacks .",vist:test.story-in-sequence.json:story_46500
story_0429,story,VIST Story 46978,so we had a nurse and a ghoul show up at the party . and an alien and 60 's chick . this guy was just lazy . but her costume is good . and there was this cross between leatherface and [male] blart . and some ball player with a pixie .,vist:test.story-in-sequence.json:story_46978
story_0430,story,VIST Story 49373,i went to the race last week . some riders who were injured . they were not moving . the other riders had to avoid them . they were okay in the end .,vist:test.story-in-sequence.json:story_49373
story_0431,story,VIST Story 47744,the news wa on the street.. there had been some sort of crime . the cops put yellow tape up . people were at the scene . everyone was curious what happened .,vist:test.story-in-sequence.json:story_47744
story_0432,story,VIST Story 46476,"the soldiers all awaited their assignments . they were told they needed to help a nearby village with getting food and water . the sargeant called out all the names matthews . harker , organization , johnson ! each of us would be going to assist . the others looked at us as if we had gotten off easy . little do they know the village is riddled with disease .",vist:test.story-in-sequence.json:story_46476
story_0433,story,VIST Story 49383,all the runners were eager to participate ! and many of their family members were their to encourage them . it was hard work but very gratifying . everyone who finished was immensely proud of themselves ! and afterwards some breakfast really hit the spot .,vist:test.story-in-sequence.json:story_49383
story_0434,story,VIST Story 48711,"they told me to do some mixing before their practice session , but i got a bit distracted with the camera . [female] could n't hold back laughs before preforming and i could n't help but capture the moment . a few moments later and the recording began without a hitch . i was impressed by this photo too , but it was clear that rob was not . it 's alright though because his cat [male] was more than happy .",vist:test.story-in-sequence.json:story_48711
story_0435,story,VIST Story 46023,the camera crew is setting up for their shot the objects are moving pretty fast for the camera each person gets ready for their place the camera man is trying to focus and get the perfect spot for filming,vist:test.story-in-sequence.json:story_46023
story_0436,story,VIST Story 48950,"the group had a great night out at the brewery restaurant . they ordered sausages and other food to go with their beer . [female] loved her brew . [male] and [female] took big gulps from theirs too . later they all left , full and happy .",vist:test.story-in-sequence.json:story_48950
story_0437,story,VIST Story 46979,halloween finally arrived . everyone took part putting together outfits from their closets . we had rockstars among us . but the most ingenious prop was the evil plank . though im not sure our co-worker was happy losing the contest to a piece of wood .,vist:test.story-in-sequence.json:story_46979
story_0438,story,VIST Story 47154,"the sun was just rising over the small town . there was a hotel that was on the far side of town . a woman and her husband and son were on vacation here . they were out on their deck , relaxing and watching boats . later in the day they headed out to tour the town a bit .",vist:test.story-in-sequence.json:story_47154
story_0439,story,VIST Story 48625,drummer really was exceptional to night while lead singer sang his heart out guitar player was playingvery good holding his own woman was trying to get the crowd into groove young boy was called on stage and he played very well,vist:test.story-in-sequence.json:story_48625
story_0440,story,VIST Story 44277,"our sign was ready and we were eager to start the parade . a curious man drove by in a truck . as traffic cleared , others were less shy about marching . before long , almost everyone was marching . a few people stayed on the side and encouraged the marchers .",vist:test.story-in-sequence.json:story_44277
story_0441,story,VIST Story 46895,last weekend 's halloween party was so much fun . we had a cake . i spent a lot of time hanging out with my friends . we took so many pictures . everyone had a great time .,vist:test.story-in-sequence.json:story_46895
story_0442,story,VIST Story 48030,last night 's party was really wild . there were tons of people there . everyone was being very loud . some of the party goers may have had too much to drink . everyone had a great time though .,vist:test.story-in-sequence.json:story_48030
story_0443,story,VIST Story 49064,today we went to a ceremony for my cousin his father spoke for him at the alter . we then had a toast for him . after we all got to eat . then my souin and his wife said a small speech to end the night .,vist:test.story-in-sequence.json:story_49064
story_0444,story,VIST Story 48089,"[male] and [male] have been friends for all of their life . they hung out every weekend . this weekend they decided to go to a beach party in location , location location . they new the bird lady would be there . she loved to party . [female] also came out to party with them . she loved mixing drinks and getting toasty . [male] and [male] would fill their pipes with tobacco and mingle with everyone there . at the end of the night people would be passed out in the sand , while those who were still awake would admire the dark nights skyline .",vist:test.story-in-sequence.json:story_48089
story_0445,story,VIST Story 49041,they decided to go out to see their favorite deejay . some people even dressed formally for the occasion . there were even people in masks and heavy make up . the place was decorated with lights . they had a great night out .,vist:test.story-in-sequence.json:story_49041
story_0446,story,VIST Story 48966,"i love sitting on the grass and watching fireworks on the 4th of july . the blue swirly one has always been one of my favorites . my dog , boomer , did n't like it so much . but it did get [female] 's attention inside the house where she had gone to get a snack . she got back just in time to watch the rest of the pyrotechnic show with me . it was a very happy independence day .",vist:test.story-in-sequence.json:story_48966
story_0447,story,VIST Story 47245,"the location location gets a bad rap , but going there is amazing . we saw statues that date back centuries and it 's really humbling to look at them . of course modern transportation is still kind of iffy out there , so the old ways work best , namely camels . looking at all this history really made us think . what would our legacy be in 1000 years ? and of course there was the sphinx . trust me , seeing it on tv and movies is nothing compared to seeing it in real life .",vist:test.story-in-sequence.json:story_47245
story_0448,story,VIST Story 48325,"at the tech conference , a woman gave a great presentation on cyber secuirt . people were really interested . another woman gave a presentation on international hacking threats . people took lots of notes . but most people were still in their hotel rooms , asleep .",vist:test.story-in-sequence.json:story_48325
story_0449,story,VIST Story 46389,the stands were absolutely packed at this year 's location tech graduation ceremony . there were literally seas of people almost as if there was a sporting event . the commencement came with speeches from the top students in the graduating class . the scoreboard was lit up with a congratulatory message . i will be keeping the program in remembrance of the graduation .,vist:test.story-in-sequence.json:story_46389
story_0450,story,VIST Story 48180,last week i decided to drive out into the city to visit the cemetery . it was deep in downtown so i had to drive through rush hour traffic to get there . when i got there i made sure to read every gravestone that i passed by . there were so many graves there . i did n't have time to visit all of them .,vist:test.story-in-sequence.json:story_48180
story_0451,story,VIST Story 46312,the people gathered to enjoy some professional wrestling . the crowd was full of energy . the vibrant characters made the show very exciting . their advanced moves in the ring kept the crowd entertained . the fans were very pleased with the show .,vist:test.story-in-sequence.json:story_46312
story_0452,story,VIST Story 45638,"our fourth of july barbecue was the best . dad ruled over the grill like a master . there was n't much food left at the end of the day . the kiddie pool was a perfect place to cool your feet on a hot summer day . someone had so much fun , they did n't want to go to bed after their shower .",vist:test.story-in-sequence.json:story_45638
story_0453,story,VIST Story 45905,five star restaurants are cool . the only problem is that sometimes style takes the place of quantity . and you get left with a disappointing plate . but that does n't happen if you know what to order . and then you can think about desert .,vist:test.story-in-sequence.json:story_45905
story_0454,story,VIST Story 49376,there was a problem with the car 's engine and we needed a mechanic . we brought it to [female] who came highly recommended . she was not your typical mechanic . she used some sort of dance to fix the car . the engine magically started . we were able to leave and [female] dances off into the distance .,vist:test.story-in-sequence.json:story_49376
story_0455,story,VIST Story 47704,on our trip to location . stopped off for some reflecting . got to see the organization organization . granddad was ready to march with his organization . mom thoroughly enjoyed the reflecting pool . the march went off without a hitch . we all had a great time and got our message across .,vist:test.story-in-sequence.json:story_47704
story_0456,story,VIST Story 48987,[male] performed a wonderful saxophone solo at the start of the jam session . a couple of people brought their own instruments and attempted to play them . an amateur pianist started to play the entertainer and got a good reception . [male] brought his guitar and began to wail on it . the other musicians started their own jam session and moved to the garage shortly after .,vist:test.story-in-sequence.json:story_48987
story_0457,story,VIST Story 46668,all the guys at the start of a fun night getting a little dancing on after some drinks they were stuck inside doing homework we were outside enjoying the perfect spring weather things got a little weird,vist:test.story-in-sequence.json:story_46668
story_0458,story,VIST Story 45575,jimmy is walking up to the group of people at the farm the pigs are anxiously awaiting jimmys arrival as well jeff doesnt want to hear matt keep asking when jimmy will be there ! ! off int he fireld they see the shape of a man and realize jimmy is there ! ! the girls are really happy to see thier friend,vist:test.story-in-sequence.json:story_45575
story_0459,story,VIST Story 46271,we had a party at my place of employment . it was a going away party . a lot of people came to support me . i really like my co workers . i am going to miss them .,vist:test.story-in-sequence.json:story_46271
story_0460,story,VIST Story 46712,it 's halloween and all the kids are dressed up . she is so cute ! they had a spooky graveyard set up out side . this house was using the grave theme as well . a happy little boy with candy .,vist:test.story-in-sequence.json:story_46712
story_0461,story,VIST Story 47697,"black history month started with a parade at my local college . the sororities came out in support . the small parade went down the main street . they headed towards the college campus , on their way to see the speaker . they carried a sign with the words , `` i have a dream '' , to remind everyone that they were still fighting for racial equality .",vist:test.story-in-sequence.json:story_47697
story_0462,story,VIST Story 46451,"graduation day , and what a huge auditorium ! the visuals were really great . time to walk across the stage . the happy graduate posed with dad she also stopped to pose with mom .",vist:test.story-in-sequence.json:story_46451
story_0463,story,VIST Story 45908,[male] took me to shay rouge tonight . it was so fancy . we had pate de meat . it was $ 50 a plate ! i had to snap another picture of it because it was just a shock of how much it actually cost ! we shared a plate and the waiter snubbed his nose at us . next we had raw beef . it gets prepared and cooked for 3.9 seconds in the broiler and then served . wow it 's cold . the dessert after dinner was unusual . it contained fish eggs . for a $ 600 dinner it sure was crap !,vist:test.story-in-sequence.json:story_45908
story_0464,story,VIST Story 47492,this is a picture of three people . this is a picture of a group . this is a picture of apparel . this is a picture of two men . this is a picture of a crowd .,vist:test.story-in-sequence.json:story_47492
story_0465,story,VIST Story 46134,"this summer , i toured a beautiful cathedral . it was really old , and very pretty on the outside . it had the most beautiful stained glass windows that i have ever seen . there were many rows of stained-wood pews . other people were touring as well .",vist:test.story-in-sequence.json:story_46134
story_0466,story,VIST Story 46914,we took a trip to the cave to see what all the hype was about . the stairs leading down the cave took 10 minutes to walk . there was a motel next to the cave that we stayed at . my husband thought this welcome mat was very ... welcoming . chilled beers were a great way to end our trip .,vist:test.story-in-sequence.json:story_46914
story_0467,story,VIST Story 49391,this car owned by our manager . this red one belongs to my immediate supervisor . the black one owned by our team lead this one owned by our board of director . and i am proud to say that i owned this one .,vist:test.story-in-sequence.json:story_49391
story_0468,story,VIST Story 45751,today i took the children to wood working . the project is to build a giant train . each child contributed to building the train when it was complete the all the trains were connected together . the train was pulled along with all the children in tow .,vist:test.story-in-sequence.json:story_45751
story_0469,story,VIST Story 47128,"the cruise ship look so majestic as it comes in the port . friends are waiting to greet the passengers . the port is all decked out for christmas , including this wonderful tree . this lamp is so cool , i wonder where you find such a thing . any of the passengers would like to get their picture taken professionally certainly have that option here .",vist:test.story-in-sequence.json:story_47128
story_0470,story,VIST Story 49422,"the player in white has the ball , dribbling to the hoop . as he goes up for a shot , the player in red has a quick defense . now in possession of the ball , the red team plans to make a point . the crowd cheers from the sidelines . white team has the ball again and goes up for a shot .",vist:test.story-in-sequence.json:story_49422
story_0471,story,VIST Story 46361,this is where i go to school . i like the building a lot because it looks nice . at this angle it looks even better . a couple of my classmates are going to graduate . this is one beautiful building .,vist:test.story-in-sequence.json:story_46361
story_0472,story,VIST Story 47138,i gave my two sons a long playdate with me today . they got glowsticks that they could play with while it was dark out . they sat and played air hockey by the christmas tree in our house . one of my sons sat on my back when we were sledding down a hill . they watched me snowboard for a while as well .,vist:test.story-in-sequence.json:story_47138
story_0473,story,VIST Story 48800,"out to dinner with friends . we are trying a new place . everyone ordered something different so we could all try it . we were n't sure what this was , but i guess we 'll try it . this did n't look any better but i 'll give it a go . had to wash it all down with lots of drinks . still a fun night .",vist:test.story-in-sequence.json:story_48800
story_0474,story,VIST Story 48019,"i chaperoned a field trip to the theater recently . the play was from the renaissance era . the stage lighting was very historically accurate . however , the theater was quite modern-looking . i thought about the play for a while after i saw it .",vist:test.story-in-sequence.json:story_48019
story_0475,story,VIST Story 47266,[male] and [female] posing for a picture while waiting for the show to start . [female] brought little suzy along to keep her entertained . [female] rocking the pink cowboy hat like only she can . the light started to fade and the music started . [male] dancing to the beat of the music .,vist:test.story-in-sequence.json:story_47266
story_0476,story,VIST Story 45774,"we traveled somewhere we have n't been before . we arrived at our destination . [male] c. curren rests here . another curren member rested here . lastly , a military man 's grave was here .",vist:test.story-in-sequence.json:story_45774
story_0477,story,VIST Story 45579,"hi . every summer we head out midwest to location to visit my relatives and experience country life . here we see my cousin 's pigs and are they huge and noisy pigs . these are my cousins having a fun moment with each other . while it was hot and humid , we really enjoyed the country view with less noise and traffic and no buildings . and these are my friends and relatives while we check out the produce of their farm .",vist:test.story-in-sequence.json:story_45579
story_0478,story,VIST Story 33936,going to a carnival can be a scary thing . some of the rides can be frightening . i never understood how making yourself scared is fun . or spinning until you are sick . i think this is more my speed .,vist:test.story-in-sequence.json:story_33936
story_0479,story,VIST Story 47352,i had a great time at the house party yesterday . some people showed me their cool tattoos . everyone was laughing . some people had fallen asleep . after a few hours i decided to leave because i had work in the morning .,vist:test.story-in-sequence.json:story_47352
story_0480,story,VIST Story 47372,"we visited a historic town today . here is one of the older bells they rang there . the roofs of the houses here were so unique . here is a shrine that was in one of the tourist buildings . at night , we visited a pillar .",vist:test.story-in-sequence.json:story_47372
story_0481,story,VIST Story 49194,walking through the hazy jungle . `` what is that ? '' sploosh ! `` be careful numnuts ! '' `` aieeee pull me out [male] ! '' `` where is this place ? '' `` sorry [male] turns out the native new zealanders figured out the true gods . hell is thataway '' .,vist:test.story-in-sequence.json:story_49194
story_0482,story,VIST Story 49205,flowers bloom . squirrels gather nuts for winter . flowers do n't care what squirrels do . squirrels do n't care what flowers do . flowers bloom some more .,vist:test.story-in-sequence.json:story_49205
story_0483,story,VIST Story 45703,the family packed their luggage to take a vacation . dad was driving and everyone was loaded in the car ready to go . they stopped to check out a truck for sale and their son took a photo by it . off to the vacation they go as they fly away on a 747 airplane . now it is time to sleep . everyone is in the bed and ready to call it a night .,vist:test.story-in-sequence.json:story_45703
story_0484,story,VIST Story 49406,there are many kinds of horns different animals produce different shapes some are hollowed out and used as sound makers others are used for decoration and even weapons,vist:test.story-in-sequence.json:story_49406
story_0485,story,VIST Story 49089,"uncle [male] prepared a feast for his family . [male] 's son was distracted by the baseball game on the tv . one of the best dishes was homemade chicken broth with dumplings . the plate of dessert treats disappeared in minutes . the family gathered together on the couch , full after a big meal .",vist:test.story-in-sequence.json:story_49089
story_0486,story,VIST Story 46877,"halloween parties are the best ! i enjoy getting the food and drinks together while talking to my friends in the kitchen . here are some of my friends having a blast as usual . the redhead , [female] , is so funny ! best make-up went to my friend , [male] . an awesome night with a great group of friends .",vist:test.story-in-sequence.json:story_46877
story_0487,story,VIST Story 47322,welcome to 80s ' night at the organization organization organization and [male] . [female] and [male] dance with [female] [female] . [female] [female] is holding [male] up for the picture . [male] and [female] look like they are having a good time . this is a great 80s ' night this year .,vist:test.story-in-sequence.json:story_47322
story_0488,story,VIST Story 48116,"[male] and [male] are talented artists . they decided to throw a party so friends could come over and see their artwork . the party goers were most impressed with how beautifully decorated the apartment was for the big event . they had some snacks , drinks , and chatted a bit before admiring more of the beautiful sculptures in other rooms . they loved the warm glow of the lights on the giant crucifix . it was a favorite of the guests . the party was so successful [male] and [male] had to end it before guests decided to crash on [male] 's elegant and very comfy bed !",vist:test.story-in-sequence.json:story_48116
story_0489,story,VIST Story 49107,my brother enjoying dinner at mom 's house . my sister is not shy when it comes to good food . save some for me please . my dad with a bottle of homemade red wine . red wine makes any meal taste better . after dinner we had fresh cut strawberries with pound cake . it was nice to see my brother again . he can definitely put away some food .,vist:test.story-in-sequence.json:story_49107
story_0490,story,VIST Story 49258,"this was the most organic hiking trip i 've been on . the berries looked like something straight out of willy wonka 's factory . the animals had a very jurassic park feel to them . i felt like everything looked colorful and thus probably poisonous . the only sane looking thing was the flowers , at least they looked normal .",vist:test.story-in-sequence.json:story_49258
story_0491,story,VIST Story 46085,"for anyone interested in organization organization , this was the place to be . there were displays everywhere , featuring information and welcoming land rover enthusiasts . some of the latest and greatest models were on display . older models were there too , representing the brands earlier days . the lines of organization seemed to go on forever , offering every visitor plenty of opportunity to check them all out .",vist:test.story-in-sequence.json:story_46085
story_0492,story,VIST Story 47421,the green murals was not liked by many . i liked the white mural but did not know what it was . the letters were done nice . i also liked all the trees . the cross was the fan favorite .,vist:test.story-in-sequence.json:story_47421
story_0493,story,VIST Story 47185,"for my painting class i need to do a painting of an outdoor scene , so i took a walk today to get some ideas . this tree captured my interest . i like the shape of the branches . flowers might be an idea . i just do n't know if i should paint several flowers or just one . of course a cluster is also an idea . i have much to think ab out before my next class .",vist:test.story-in-sequence.json:story_47185
story_0494,story,VIST Story 49487,my daughter loves to go to school and this was her first day . she was so excited . she made friends quickly and started playing almost immediately . at lunch she was watching other students play hula-hoop with a dog then it was quiet time and they all sat and learned about the game they were going to play with a green ball . at the end of the day everyone was exhausted and said their good byes and left for the busses . a good first day !,vist:test.story-in-sequence.json:story_49487
story_0495,story,VIST Story 46888,"it was time for our yearly party . there were a lot of people there in really weird costumes . this lady was having a really good time and i loved her costume . we had a blast . there was a lot of laughter and joking around . at the end of the night there were some people that were really tired , but others wanted to keep going .",vist:test.story-in-sequence.json:story_46888
story_0496,story,VIST Story 47363,"location is a wonderful city for tourists -- and pigeons , too ! the famous canals , and the gondolas and barges that travel on them , are the first things everyone wants to see . take the time to explore the magnificent old churches , and you 'll be amazed by beautiful frescoes like this one . you 're never far from a pleasant cafe where you can relax with a snack and some espresso , or a glass of wine . shopping is a delightful adventure here too -- you 'll find everything from fine jewelry to delicious fresh produce !",vist:test.story-in-sequence.json:story_47363
story_0497,story,VIST Story 49420,"a long night , but he went for the basket . he was almost blocked . looking to pass was a hard task . the crowd wanted more from the team . that was the first three-pointer of the night .",vist:test.story-in-sequence.json:story_49420
story_0498,story,VIST Story 49412,"number 19 at the soccer game at the park . he gets the ball , and needs to get it to the goal ... . ... almost a steal but he gets it back ... ..he 's in goal range , and sees an opening ... he kicks ... ... goal ! he makes it and wins the game !",vist:test.story-in-sequence.json:story_49412
story_0499,story,VIST Story 46868,"there was an office costume party about to start up . everybody was waiting outside for the fun . as people sat at their desk they looked a little different all dressed up . some costumes were very creative , with characters we see on tv . this man decided to make this women laugh and say i did n't know we were supposed to dress up . but he snuggles in for a picture with a women dressed for the far out seventies .",vist:test.story-in-sequence.json:story_46868
story_0500,story,VIST Story 48369,the bee team was hard at work today . [male] caught a whole tray of bees . there must have been thousands of them . they produced a lot of honey . some of the bees tried to run away from the ranch .,vist:test.story-in-sequence.json:story_48369
story_0501,story,VIST Story 47477,"we arrives early to buy some food . it smelled so good walking up . every nearby place had their menus set up so everyone could see them . it took us awhile to pick out what to eat . it all looked delicious . we decided on a taco truck that had a particularly cool owner . a lot of other people had the same idea and we stood in line , eagerly awaiting our meals .",vist:test.story-in-sequence.json:story_47477
story_0502,story,VIST Story 48605,the school was full of information . the men we 're dressed in safety suits . i did n't know how well organized the event was . all the men were coordinated . i drove my car home .,vist:test.story-in-sequence.json:story_48605
story_0503,story,VIST Story 46916,the costume party we went to was great ! there was a group who dressed as ninja turtles . one guy came as organization organization . there were tons of fairies and princesses at the party . everyone had fun partying and drinking .,vist:test.story-in-sequence.json:story_46916
story_0504,story,VIST Story 48703,everyone gathered at the house . people gathered to have drinks and converse . old friends who had n't seen each other in years where there . the night went on without a hitch . but we where sad for it to end .,vist:test.story-in-sequence.json:story_48703
story_0505,story,VIST Story 46437,"yesterday , we went to my brothers military school . it was a rather stern looking area . all the men were in uniform . they looked so handsome . i was so proud of my brother serving our country .",vist:test.story-in-sequence.json:story_46437
story_0506,story,VIST Story 47280,i tried baking cookies for halloween this year . i tried to get creative . these lips shaped cookies turned out pretty well . i was also kind of proud of the bat cookies . of course my little brother has to do stuff like this .,vist:test.story-in-sequence.json:story_47280
story_0507,story,VIST Story 49344,its christmas time and everyone is opening gifts . this guy is not impressed . mom gets a book and is excited to read it . someone else gets a keyless entry key for their car . she gets pajamas and does n't look too thrilled about it . finally he gets to open a gift and is excited to do so .,vist:test.story-in-sequence.json:story_49344
story_0508,story,VIST Story 46997,when i got to the party everyone was already there . there were many different kinds of costumes . one was made out of paper . some were very flashy . others were wearing their work uniforms . some people forgot and thought it was a birthday party .,vist:test.story-in-sequence.json:story_46997
story_0509,story,VIST Story 48044,took my kid out to the zoo . he was mesmerized by all the animals there . this little guy was adorable ! he kept coming to the window at us . elephants are such amazing creatures . they 're so intelligent . they even had zebras there ! i 've never seen one this close before . and we ended the day relaxing with our very own animals at home .,vist:test.story-in-sequence.json:story_48044
story_0510,story,VIST Story 47413,"firefighters came to talk with our company to give a bomb safety class after someone made a bomb threat . our national guard came to sweep the office . now we are back at work . while the national guard was there , some of us made friends with them . now we hang out sometimes .",vist:test.story-in-sequence.json:story_47413
story_0511,story,VIST Story 49083,cook up some location balls for soup . cook some green beans . cook some kosher meat . put all of the dishes together for a delightful passover meal . celebrate passover with loved ones .,vist:test.story-in-sequence.json:story_49083
story_0512,story,VIST Story 49037,"do you see this huge crowd ? look at all these people . everyone having fun and laughing . people singing and dancing . everyone together , no fights , no hate , just everyone together for one focus . this is what concerts are all about .",vist:test.story-in-sequence.json:story_49037
story_0513,story,VIST Story 47532,"these maps show where all the major storms were . a large tornado touched down . everyone in the neighborhood was in fear of losing their homes . as you see , the clouds were very dark and sinister . they brought heavy rainfall and flooded roads .",vist:test.story-in-sequence.json:story_47532
story_0514,story,VIST Story 47079,man dancing to the ground . letting a fan sing in the mic . singer singing to the crowd . musicians playing their guitars . thanking his fans for their support .,vist:test.story-in-sequence.json:story_47079
story_0515,story,VIST Story 47362,"many birds were present in the inner city . the family took a picture of all the birds . the family walked towards the center of the city in search of riding a gondola . after riding a gondola , we decided to visit a cathedral . we were beginning to get hungry . the table in the middle is where we decided to eat . the family tried fresh fruit . most of the fruit was bought at these little merchant stands throughout the city .",vist:test.story-in-sequence.json:story_47362
story_0516,story,VIST Story 49136,i decided to explore the beautiful coastline in location by taking a drive . after driving for 45 minutes i found a nice spot to pull over and enjoy the view . i pulled over into the spot . i was the only one there ! i looked out of the drivers side window and saw this beautiful view . i got out of the car and looked over the edge down over the rocky outcroppings and to the ocean below .,vist:test.story-in-sequence.json:story_49136
story_0517,story,VIST Story 47312,"the man gets onto the subway , ready to go to the race . his friends and family cheer him on . they yell : `` go [male] ! '' as he runs by . the runners make it through the course . everyone poses for a picture with the winner .",vist:test.story-in-sequence.json:story_47312
story_0518,story,VIST Story 49442,"before the match , the wrestlers warm up . while others look on , the challengers face one another . the match begins . a winner is decided ! the winner is awarded the prize .",vist:test.story-in-sequence.json:story_49442
story_0519,story,VIST Story 46095,the party was starting . it was held at the churches festival . people wore costumes . the singer was talented . we danced the night away until we dropped .,vist:test.story-in-sequence.json:story_46095
story_0520,story,VIST Story 46662,"a mermaid was stranded on the beach and began to take a nap . he dreamed that a giant , evil cat was going to come and get him . the girl in the dream read braille in order to call for the monkey to save them . the monkey came to help him . the monkey gave the girl a scooter so she could escape the cat .",vist:test.story-in-sequence.json:story_46662
story_0521,story,VIST Story 48812,today was my birthday and my whole family was there . we had a lot of food and drinks . we even took many pictures together . my parents were also having a great time . someone gave me a chicken as a present .,vist:test.story-in-sequence.json:story_48812
story_0522,story,VIST Story 48102,i had to go out and buy a lot of beer for the party but they were sold out . we decided to go to a bar instead since we could not get any beer . there were only tow bartenders that night . after that we left and drove to a lounge to relax . we had a great time there .,vist:test.story-in-sequence.json:story_48102
story_0523,story,VIST Story 46786,work was very fun yesterday because everyone dressed up for halloween . some people had uniforms as costumes . most people took the time to dress up nicely . there were a lot of great costume ideas . everyone had a great time .,vist:test.story-in-sequence.json:story_46786
story_0524,story,VIST Story 49117,setting the tables nice and neat for the party . so wonderful that everyone could make it little one is finally getting a handle on feeding himself . this family encourages helping yourself ! after dinner ruminations with the family .,vist:test.story-in-sequence.json:story_49117
story_0525,story,VIST Story 47344,there was a fun time at the airport . people were dancing and taking photos of themselves as well as random people . people were greeting others as well .,vist:test.story-in-sequence.json:story_47344
story_0526,story,VIST Story 47227,"the sun casts no shadow on the church . the benches were made of the finest wood . the street signs were cheap because they bend easily . fortunately , the business is successful at this time of year . there was not much going on in the city however .",vist:test.story-in-sequence.json:story_47227
story_0527,story,VIST Story 45593,people are sitting on the floor . a grandmother is holding her grandchild . a man is holding a baby . a family is holding a baby . a man is holding his child .,vist:test.story-in-sequence.json:story_45593
story_0528,story,VIST Story 49360,"the crowd starts to gather as the race cars start to pull up and prepare for the race . the race is about to start and the cars are lining up while the crowd cheers . the cheerios car is off to a good start . the bud car has pulled ahead of the cheerios car and is in the lead . it is the final lap and the lowe 's car is in the lead , the crowd goes wide .",vist:test.story-in-sequence.json:story_49360
story_0529,story,VIST Story 45740,everyone piled into the driveway for some summer fun . the little dog was there to greet people as they came in . the little boy was excited for all the new faces . they had fun swimming in the pool in the backyard . they also took a hike and captured some of the local scenery . it was quite a fun day .,vist:test.story-in-sequence.json:story_45740
story_0530,story,VIST Story 45673,dads retirement party went really well . he was totally surprised . and he loved the restaurant we chose . three generations right here ... soon to be 4 ! 35 years with the same company ! wtg dad ! thanks to everyone for keeping it a secret . we all had so much fun .,vist:test.story-in-sequence.json:story_45673
story_0531,story,VIST Story 47425,i went for a hike last weekend . we went through the entire forest . it was very dense . when we finally got to the village we were very hungry . the locals made us some food .,vist:test.story-in-sequence.json:story_47425
story_0532,story,VIST Story 49394,"there was a car show in the village center today . classic cars were on display . and modern cars were welcome , too . some of the drivers took a spin around the village in their cars . other drivers just parked their automobiles at the curb so fans could admire them . this driver parked right at the corner , so his car could be seen by everyone coming into the village .",vist:test.story-in-sequence.json:story_49394
story_0533,story,VIST Story 48168,[male] and [female] talk about the seating and office arrangements for the new office . [female] and [male] love [male] and [female] 's ideas . [male] calls in [female] to get help on organizing the new seating charts and office rooms . [female] uses her computer and figures up different ways to set up the offices and seats . after working hard she displays the office chart on the way . everybody has their own chairs and office .,vist:test.story-in-sequence.json:story_48168
story_0534,story,VIST Story 48979,"the market was having a huge sale today , so the workers expected a lot of people to drive by . before they opened , they set out all of their produce , and made sure there were signs explaining how the sale worked . finally , people started showing up , and the sale was a great hit .",vist:test.story-in-sequence.json:story_48979
story_0535,story,VIST Story 47795,"one day we decided to take a hike through the forest . eventually we got to a road and followed that instead . there were some animals along the side , including some cows . we also found a farm that had some goats . soon we were back in the forest , hiking again .",vist:test.story-in-sequence.json:story_47795
story_0536,story,VIST Story 46936,all the boys gathered to go out that night . there was a big party at he local club . a lot of people were starting to show up . most were dressed for the holiday . the line was getting long to get in .,vist:test.story-in-sequence.json:story_46936
story_0537,story,VIST Story 46123,there was no traffic to hamper her plans . she went to the farmers market . a variety of vegetables were available for purchase . later her son took advantage of the good weather by exploring the outdoors . a good meal was prepared from the goods from the market .,vist:test.story-in-sequence.json:story_46123
story_0538,story,VIST Story 49313,we started the holidays by settig up a tiny christmas tree . the streets where calm outside . everyone was celebrating the holidays . i went for an afternoon walk to my favorite spot before heading home . the family sat together and celebrated christmas . the night came to an end and everyone slowly went home .,vist:test.story-in-sequence.json:story_49313
story_0539,story,VIST Story 49471,the yellow shirt lines up the ball for a goal . the green and white shirt chases the red shirt for the ball . two players battle it out for the ball . the red shirt is intent on getting the ball back . the green and white shirt tries to block the goal .,vist:test.story-in-sequence.json:story_49471
story_0540,story,VIST Story 47448,people are walking into the convention . everybody is gathering up preparing for the new technology to be displayed . the new iphone is displayed showcasing its new features . new tablets are being displayed and showcased . a brand new car is being shown as part of the winner of the raffle when you enter .,vist:test.story-in-sequence.json:story_47448
story_0541,story,VIST Story 48214,"this is a speed dating meetup . here , the daters mingle during social hour with live musical entertainment . here is a close-up view of the daters chatting with each other with champagne flutes in their hands . here , two speed daters ( not dating each other ! ) discuss their thoughts on the meetup . this is a to-go table full of snacks for the speed daters to pick up on their way out , provided as a thank you for coming .",vist:test.story-in-sequence.json:story_48214
story_0542,story,VIST Story 47914,two boys pose for the camera like cool dudes . they are having a sleepover and are very excited . they camp out in the living room in front of the tv . they dress up with bags making them into clothing items . finally dad decides to give them piggy back rides .,vist:test.story-in-sequence.json:story_47914
story_0543,story,VIST Story 48916,my mom can be annoying sometimes . yesterday she went around taking extreme closeups of people . dad was annoyed . my older brother was annoyed . my little brother 's annoyance is obvious .,vist:test.story-in-sequence.json:story_48916
story_0544,story,VIST Story 48843,"our first live performance , our drummer was ready . and our guitarist was jamming it out . between sets we could mingle with the crowd . one of the best things about being in a band are the hot girls that are always around . back to business and playing our encore . it was great .",vist:test.story-in-sequence.json:story_48843
story_0545,story,VIST Story 48083,"the little baby was excited to play with his family members at the reunion . everyone got in line for the food , and then everyone passed around the baby . he even got his uncle to hold him for a little while . great fun and many laughs were had by all .",vist:test.story-in-sequence.json:story_48083
story_0546,story,VIST Story 46745,here is an old picture of my dad . this is me when i was 7 years old . that 's my kindergarten class picture with mrs. jones front and center . the first day my kid brother was born . my baseball card from my senior year in high school .,vist:test.story-in-sequence.json:story_46745
story_0547,story,VIST Story 47892,"my photo-taking journey around the city started with this lovely scaffolding under a deep blue sky . this lovely gentleman on this tri-ped breezed past me . the beautiful trashcan gave me inspriation as contrasta gainst the grey street stripes . the stained glass i saw later on reminded me of old englande . and near the end , this chimney swept my heart away in atmospheric ruminations .",vist:test.story-in-sequence.json:story_47892
story_0548,story,VIST Story 48765,our family loves to play dress up . it 's a great to pass the time . we have a lot of different things to try . the kids really enjoy it . we should do it again sometime .,vist:test.story-in-sequence.json:story_48765
story_0549,story,VIST Story 47474,there was the old piano that there also was theis amazing radio my grandma had the same music player that i found in the store there was also a picture that we found there from the old days we ended up buying some pictures as gifts,vist:test.story-in-sequence.json:story_47474
story_0550,story,VIST Story 48813,my family threw me a surprise party this weekend . i got to be a king and i was in charge of blowing out all the candles in the house . here i am looking cool with my king 's hate on . my mother and father also enjoyed the day with me . here is my pet chicken [male] he made a guest appearance at my birthday .,vist:test.story-in-sequence.json:story_48813
story_0551,story,VIST Story 47811,we all gathered at grandma 's house for her birthday . we had n't seen each other in a while . it was great to catch up with the cousins and aunts . we celebrated with cake and laughter .,vist:test.story-in-sequence.json:story_47811
story_0552,story,VIST Story 47029,"everyone lines up before the race starts . the gun goes off and everyone starts running . at the one mile mark we have lost half of the runners . at the end of the race people started showing up . one after another , people made some good time !",vist:test.story-in-sequence.json:story_47029
story_0553,story,VIST Story 48106,a big meal is prepared . everyone pitches in to make the meal and everyone enjoys . the family is together celebrating an occasion . the boys pose with the birthday cake . the family enjoys each other 's company .,vist:test.story-in-sequence.json:story_48106
story_0554,story,VIST Story 46367,i went to my graduation ceremony yesterday . there were a lot of students graduating . we were all very happy to finally be done with school . i was very happy to receive my diploma . my entire family came out to support me .,vist:test.story-in-sequence.json:story_46367
story_0555,story,VIST Story 45788,special report : a new breed of flower has been discovered ! scientists wonder about the strange purple dots . but then it was discovered that the flowers were planted in whine . reports find that it was grown by a drunk gardener . we did not receive any comment from him .,vist:test.story-in-sequence.json:story_45788
story_0556,story,VIST Story 45563,i bought my son a new bicycle for his birthday . he spent the afternoon riding it up and down the road . he rode it pretty far into a wooded area . then he rode it out to the docks and stopped to watch the boats on the water . all that riding tired him out and he fell asleep on our car ride back home .,vist:test.story-in-sequence.json:story_45563
story_0557,story,VIST Story 46446,"walking to his masters graduation . cap and gown , hooded , and ready to go . an admission ticket to the commencement . president ready to speak for the class of 2007 . his master of science degree from the organization organization organization .",vist:test.story-in-sequence.json:story_46446
story_0558,story,VIST Story 47735,some people watched our march from their work place . people in the restaurant showed their support . even the children participated . we crossed the last street on our route . a lone bicyclist closed in the ranks at the end .,vist:test.story-in-sequence.json:story_47735
story_0559,story,VIST Story 49277,it was a great day to take a hike . they never knew where they were going next . old machinery was still in its place . what a simpler time they lived in . there was so much to see all around .,vist:test.story-in-sequence.json:story_49277
story_0560,story,VIST Story 45576,"we went to a vineyard for the holiday weekend . there were pigs there ! it was my first time seeing such pigs . our friend wore a funny hat that caught everyone 's attention . he was the subject for many jokes . later , we all gathered at the long table to eat and drink wine .",vist:test.story-in-sequence.json:story_45576
story_0561,story,VIST Story 48725,we left on the subway to get to the convention venue . hundreds of people and computers were lined up . we pulled an all-nighter and only broke briefly to eat . we were at it so long that we got kind of punchy from lack of sleep . it was a really fun way to spend our weekend in the city .,vist:test.story-in-sequence.json:story_48725
story_0562,story,VIST Story 49060,we had a great time at the event we got to hear the speech there was free wine everyone had such a good time and even [male] spoke about the future,vist:test.story-in-sequence.json:story_49060
story_0563,story,VIST Story 47292,"it was a sunny afternoon , and we had planned to check out the parade . mom and baby were both dressed up festively . we had a lot of fun watching all of the floats and cars go by . i loved the antique fire truck that we saw . afterward we and the rest of the crowd dispersed and headed home .",vist:test.story-in-sequence.json:story_47292
story_0564,story,VIST Story 48763,"he showed off his amazing , but slightly creepy tattoos right after he got to the party . the live entertainment they had hired was great . the lights at the party were strange , but mesmerizing . he caught her in a corner and begged for a kiss . after the party , they were startled to discover that there was something going on with the police involved .",vist:test.story-in-sequence.json:story_48763
story_0565,story,VIST Story 48861,we 're happy to announce the arrival of baby [male] ! a proud mom with a sleeping baby [male] . dad also helped out on the naptime . with mixed results ! dad still needs to work on his nap skills . aunt [female] stepped in to save the day .,vist:test.story-in-sequence.json:story_48861
story_0566,story,VIST Story 47014,people rode their bikes to the festival . it was very crowded . there were characters and people in costumes . they posed for the fans . the festival continued into the evening .,vist:test.story-in-sequence.json:story_47014
story_0567,story,VIST Story 47677,we took a train into the city for the rally . it was to be held tomorrow but preparations were already underway . here we are walking to the heart of the protest . the crowd was passionate yet peaceful . the turnout was huge thanks to social media .,vist:test.story-in-sequence.json:story_47677
story_0568,story,VIST Story 48948,"the grill was fired up and ready . it was a great day for a party . potato salad was just one of the delicious treats ! by the time night fell , they were ready to relax in the sand . even the dog came out to have a little party time of his own .",vist:test.story-in-sequence.json:story_48948
story_0569,story,VIST Story 49023,"people crowded around to watch the parade . one float in particular , caught everyone 's attention . they ran over to it to see what was going on and to take pictures . it got so bad that people had to start pushing others out of the way just to get a look at it .",vist:test.story-in-sequence.json:story_49023
story_0570,story,VIST Story 47631,"you come down the road through this neighborhood . in this house , a mother is juggling inside the kitchen . two old women , on the outside deck , also try to juggle . a look of one old woman juggling a green and blue ball . a look of the second old woman juggling a green ball .",vist:test.story-in-sequence.json:story_47631
story_0571,story,VIST Story 46695,my girlfriend really like a cat as her pet and she is very artistic.. this is the place where we express our feelings in the way of art . this jacky taking a pose on our art room . my self wanted to say something . also [female] our belly dancer take a pose on our art room .,vist:test.story-in-sequence.json:story_46695
story_0572,story,VIST Story 46835,fans of anime and video games sometimes like to dress up like their favorite characters . this type of fandom is called `` cos-play '' . costumes can be very ornate and expensive . they enjoy dressing up and then acting like their favorite characters . a lot of fans will have multiple costumes for different characters .,vist:test.story-in-sequence.json:story_46835
story_0573,story,VIST Story 48262,there were a lot of people at the school today . all of the students showed up to class . the instructor was very impressed . we had a final next week . after class we stayed to chat .,vist:test.story-in-sequence.json:story_48262
story_0574,story,VIST Story 47883,"it 's a long hike to the hidden lagoon . the housing is very basic , in underground dugouts . we sleep in the cool , long tunnels . they all have drains to the outside . but it 's all worth it when we get to bathe in the green-blue warm water .",vist:test.story-in-sequence.json:story_47883
story_0575,story,VIST Story 48686,"my family and i went on a tour of a historic place . we had a boat ride , during the tour of the sites . at noon , we had lunch at a nearby restaurant . during the tour , the guide gave a speech about the historical significance of the sites . my mother and i sitting on the bench , in the afternoon , trying to relax .",vist:test.story-in-sequence.json:story_48686
story_0576,story,VIST Story 46417,"[male] spends all day at his computer . his mother and her friend like to check up on him every now and then . cakes are regularly made in [male] 's home . when his hat is backwards and he 's sitting in front of a plate of food , he means business when [male] 's hat is turned the right way , it means he is satisfied .",vist:test.story-in-sequence.json:story_46417
story_0577,story,VIST Story 48243,my family came into town . they went to church with me . they visited where i work at . they were n't too impressed by my office . but they did enjoy my scooter .,vist:test.story-in-sequence.json:story_48243
story_0578,story,VIST Story 45877,[male] was getting ready for the track meet up . his friends were helping him by chasing after him . this was n't good for toms nervous though so he can faster . he finished his lap and turned around because he heard some one call his name . it was just [male] trying to hit him with one of the batons . grow up [male] .,vist:test.story-in-sequence.json:story_45877
story_0579,story,VIST Story 47852,"this place has the most beautiful scenery . there are great places to stop and eat . they have billboards like i had never seen before . the buildings are as tall as i can see . i loved it so much , i decided to buy a place of my own !",vist:test.story-in-sequence.json:story_47852
story_0580,story,VIST Story 10664,the annual parade got started with the fine looking girls . one of our local car dealers was displaying his products . the local hillbillys had to show off their toys . they also showed their support by displaying flags . the audience was hard to please .,vist:test.story-in-sequence.json:story_10664
story_0581,story,VIST Story 49035,"at the charity event , there were many paintings up done by local atrists . one area had fun events , such as a hula-hoop competition . the speakers were very interesting and their testimony was very deep and heartwarming . i was shocked at the huge size of the crowd . the finale act was worth waiting for . everyone was singing and dancing the entire afternoon .",vist:test.story-in-sequence.json:story_49035
story_0582,story,VIST Story 47925,i ran into an [male] [male] protest while in the city . everybody had protest signs . many ethnicity were represented . there were even some hispanics there . people were leaving graffiti everywhere .,vist:test.story-in-sequence.json:story_47925
story_0583,story,VIST Story 46648,"a year ago a family visited a vietnamese city . the local market was filled with fruits and vegetable of the area . they watched a local chef prepare food with meats and fish . the local fish market sold fish from the waters that surrounded the city . at the end of the day , they rested and watched the local people relax by the side of the road .",vist:test.story-in-sequence.json:story_46648
story_0584,story,VIST Story 48360,"there once was an artist who loved to work with food to create surrealist art . his work was admired by all of his peers , and one day his good friend encouraged him to open a gallery . so the artist got all of his best work , of which his favorite was death by dairy product . his second favorite piece was also on display showing the effects of overcooking . on the night of the gallery opening it seems that the crowd favorite ; however , seemed to be the video piece on food consumption .",vist:test.story-in-sequence.json:story_48360
story_0585,story,VIST Story 47955,"hank and [female] 's new years eve party in 1999 was a blast . we were waiting for 2000 and wondering if y2k would hit . but everyone was having such a good time , they forgot about the doom and gloom . [female] and [female] had a good time . and so did [female] and jen . though i think jen was wasted by midnight .",vist:test.story-in-sequence.json:story_47955
story_0586,story,VIST Story 45993,"the baby was so happy to spend time with extended family . we all gathered around the local pool for some summer fun . the water was cold , and the kids stayed in the shallow end of the pool . after a long day of swimming , it was time to dry off and get ready to go home . we spotted this american flag at the entrance to the pool .",vist:test.story-in-sequence.json:story_45993
story_0587,story,VIST Story 47174,we recently headed up to my family 's vacation house in the mountains . in our backyard there is this beautiful mountain . we often go for walks on the various trails around the house . we often see a lot of animals and all of their tracks on the trails . at the end of the trail in this beautiful bridge that goes over a frozen river .,vist:test.story-in-sequence.json:story_47174
story_0588,story,VIST Story 45865,early morning heading to school the young girl is starting to perk up and smiles with her juice dad and the kids arrive at school a neat preschool board hangs on the wall to greet everyone the room is so huge and the girl is very excited to be there,vist:test.story-in-sequence.json:story_45865
story_0589,story,VIST Story 48874,people were walking and seeing the flags before going to the open air stadium . they then went back to the tents to socialize with people . the festival continued the next day .,vist:test.story-in-sequence.json:story_48874
story_0590,story,VIST Story 45824,everyone came together to help the family with their home . the military men were up helping on the roof . they were helping prepare to paint . the family was very happy and thankful for the help . the family thanked the military personnel .,vist:test.story-in-sequence.json:story_45824
story_0591,story,VIST Story 48525,"it was quiet outside . inside , there was only two people getting ready for work . nothing interesting was happening , no one even playing sports on the field . the car park was empty , sans some parked cars . indeed , this was a boring day .",vist:test.story-in-sequence.json:story_48525
story_0592,story,VIST Story 49242,"there was no one on the stairs there was no one in the water . the park was completely abandoned . but maybe it was all for the best , the plants thought , because now no one will step on us and the animals will be free to roam around as they please .",vist:test.story-in-sequence.json:story_49242
story_0593,story,VIST Story 49364,a race car takes off from its pit crew . number 55 race car waits on its crew to fix it up . a yellow cheerios car is in the lead . the red bud car is falling slightly behind . the lowes car is not far behind the cheerios car .,vist:test.story-in-sequence.json:story_49364
story_0594,story,VIST Story 48429,"we started the hike in the misty early morning . before long , we were passing some amazing waterfalls . around midday , we made it to location location location . we were tired , and very glad there were horses to rent to ride there ! [female] loved the day , and she looked beautiful outdoors .",vist:test.story-in-sequence.json:story_48429
story_0595,story,VIST Story 45979,last week we decided to go downtown for a rally . a lot of people got very passionate and were dressed in costumes . these baseball outfits were very unique and spoke volumes . some people showed up with musical instruments to enforce their message . we had such a big crowd there that day i think we really got our message across .,vist:test.story-in-sequence.json:story_45979
story_0596,story,VIST Story 48292,here are our basketball tryouts for 2015 girls and boys basketball . these are some great players this year . they are gon na work hard to earn a trophy . here are the guys and they are every bit good and hyper to play . look at those moves . the skills on these guys will prove we will prevail both boys and girls . here are the cheerleaders cheering them on in there free time .,vist:test.story-in-sequence.json:story_48292
story_0597,story,VIST Story 46432,the graduate and his good friend waiting for the big ceremony ! best buddies hamming it up on their way to grauate . waiting for his turn to give his speech . we are so happy to be moving on to our next chapter of life ! so relaxed at the end of the big day .,vist:test.story-in-sequence.json:story_46432
story_0598,story,VIST Story 46870,"every halloween , the family would get together and carve pumpkins . the pumpkin carving was a tradition , and brought out the happy and goofy sides of every family member . even the family pets got to celebrate with the season and take a nice swim while the family carved pumpkins . once the pumpkins were ready , everyone got together and took family photos . at night , after all the activities were over , the pumpkins were put out on display for the whole neighborhood to see .",vist:test.story-in-sequence.json:story_46870
story_0599,story,VIST Story 46840,costume parties bring out all kinds of interesting costumes . lots of snacks are provided for the party goers . some partiers put on lots of make up to compliment their costumes . the venue is often decorated to be spooky and dark . however all of the party goers have a great time .,vist:test.story-in-sequence.json:story_46840
